color,director_name,num_critic_for_reviews,duration,director_facebook_likes,actor_3_facebook_likes,actor_2_name,actor_1_facebook_likes,gross,genres,actor_1_name,movie_title,num_voted_users,cast_total_facebook_likes,actor_3_name,facenumber_in_poster,plot_keywords,movie_imdb_link,num_user_for_reviews,language,country,content_rating,budget,title_year,actor_2_facebook_likes,imdb_score,aspect_ratio,movie_facebook_likes
,,,,0,,,,,,,,,,,,,,,,,PG,22000000,1982,,,,12000
,,,,607,,,,,,,,,,,,,,,,,PG,12000000,1977,,,,0
,,,,195,,,,,,,,,,,,,,,,,PG,22000000,2013,,,,0
,,,,,,,,,,,,,,,,,,,,,,3000000,,,,,141
,,,,607,,,,,,,,,,,,,,,,,R,1800000,1971,,,,0
,,,,,,,,,,,,,,,,,,,,,,,,,,,211
,,,,20,,,,,,,,,,,,,,,,,PG,20000000,1979,,,,4000
,,,,32,,,,,,,,,,,,,,,,,PG-13,20000000,1969,,,,0
,,,,,,,,,,,,,,,,,,,,,,,,,,,124
,,,,503,,,,,,,,,,,,,,,,,PG-13,20000000,1985,,,,0
,,,,,,,,,,,,,,,,,,,,,,,,,,,4
,,,,53,,,,,,,,,,,,,,,,,PG-13,19500000,2015,,,,0
,,,,189,,,,,,,,,,,,,,,,,G,20000000,1969,,,,548
,,,,,,,,,,,,,,,,,,,,,TV-14,,,,,,0
,,,,329,,,,,,,,,,,,,,,,,R,20000000,2008,,,,971
,,,,,,,,,,,,,,,,,,,,,,,,,,,0
,,,,23,,,,,,,,,,,,,,,,,,13000,2007,,,,30
,,,,10,,,,,,,,,,,,,,,,,R,25000000,2008,,,,314
,,,,5,,,,,,,,,,,,,,,,,R,20000000,2007,,,,0
,,,,0,,,,,,,,,,,,,,,,,G,20000000,2012,,,,1000
,,,,0,,,,,,,,,,,,,,,,,,,2014,,,,58
,,,,2,,,,,,,,,,,,,,,,,PG,20000000,2014,,,,70
,,,,23,,,,,,,,,,,,,,,,,R,20000000,2016,,,,0
,,,,160,,,,,,,,,,,,,,,,,PG-13,20000000,2015,,,,0
,,,,17,,,,,,,,,,,,,,,,,R,27220000,2013,,,,11000
,,,,0,,,,,,,,,,,,,,,,,R,19000000,1980,,,,37000
,,,,97,,,,,,,,,,,,,,,,,,27000000,2016,,,,1000
,,,,,,,,,,,,,,,,,,,,,TV-14,,,,,,0
,,,,0,,,,,,,,,,,,,,,,,,,2013,,,,332
,,,,75,,,,,,,,,,,,,,,,,Approved,19000000,1964,,,,560
,,,,15,,,,,,,,,,,,,,,,,PG-13,,2013,,,,124
,,,,,,,,,,,,,,,,,,,,,TV-PG,,,,,,0
,,,,0,,,,,,,,,,,,,,,,,R,18000000,1970,,,,0
,,,,0,,,,,,,,,,,,,,,,,R,18000000,1981,,,,2000
,,,22,,,,870,,,Nate Richert,,,,,,,http://www.imdb.com/title/tt0115341/?ref_=fn_tt_tt_1,,English,USA,TV-G,,,,6.6,1.33,
,,,119,,,,12000,,,Taylor Lautner,,,,,,,http://www.imdb.com/title/tt2479478/?ref_=fn_tt_tt_1,,English,USA,TV-14,,2015,,4.9,2.35,
,,,30,,,,962,,,Chris Noth,,,,,,,http://www.imdb.com/title/tt0159206/?ref_=fn_tt_tt_1,,English,USA,TV-MA,,,,7.0,1.33,
,,,22,,,,883,,,Barry Corbin,,,,,,,http://www.imdb.com/title/tt1986770/?ref_=fn_tt_tt_1,,English,USA,,,,,6.7,16.0,
,,,44,,,,847,,,Christopher Judge,,,,,,,http://www.imdb.com/title/tt0118480/?ref_=fn_tt_tt_1,,English,USA,TV-14,,,,8.4,1.33,
,,,152,,,,617,,,James Mason,,,,,,,http://www.imdb.com/title/tt0056193/?ref_=fn_tt_tt_1,,English,UK,Not Rated,,1962,,7.7,1.66,
,,,96,,,,13000,,,Sylvester Stallone,,,,,,,http://www.imdb.com/title/tt0160184/?ref_=fn_tt_tt_1,,English,USA,R,,2002,,5.3,2.35,
,,,45,,,,416,,,Bernard Hill,,,,,,,http://www.imdb.com/title/tt4192812/?ref_=fn_tt_tt_1,,English,UK,,,,,7.9,,
,,,105,,,,325,,,David Jason,,,,,,,http://www.imdb.com/title/tt0108967/?ref_=fn_tt_tt_1,,English,UK,,,,,7.8,1.33,
,,,60,,,,629,,,Grey Damon,,,,,,,http://www.imdb.com/title/tt2355844/?ref_=fn_tt_tt_1,,English,USA,,,,,7.5,16.0,
,,,43,,,,3000,,,Julie Benz,,,,,,,http://www.imdb.com/title/tt2189221/?ref_=fn_tt_tt_1,,English,USA,TV-MA,,,,7.0,1.78,
,,,64,,,,1000,,,Tobias Menzies,,,,,,,http://www.imdb.com/title/tt3006802/?ref_=fn_tt_tt_1,,English,USA,TV-MA,,,,8.5,16.0,
,,,89,,,,598,,,P.J. Soles,,,,,,,http://www.imdb.com/title/tt0473553/?ref_=fn_tt_tt_1,,English,USA,,,2006,,4.6,1.78,
,,,93,,,,13000,,,Sylvester Stallone,,,,,,,http://www.imdb.com/title/tt0083944/?ref_=fn_tt_tt_1,,English,USA,R,,1982,,7.7,2.35,
,,,115,,,,29,,,Donatas Banionis,,,,,,,http://www.imdb.com/title/tt0069293/?ref_=fn_tt_tt_1,,Russian,Soviet Union,PG,,1972,,8.1,2.35,
,,,140,,,,1000,,,Laurence Olivier,,,,,,,http://www.imdb.com/title/tt0084132/?ref_=fn_tt_tt_1,,English,South Korea,PG,,1981,,2.7,2.35,
,,,111,,,,6000,,,Lucille Ball,,,,,,,http://www.imdb.com/title/tt0063829/?ref_=fn_tt_tt_1,,English,USA,Unrated,,1968,,7.2,1.85,
,,,52,,,,164,,,Pierre Perrier,,,,,,,http://www.imdb.com/title/tt2521668/?ref_=fn_tt_tt_1,,French,France,TV-MA,,,,8.3,16.0,
,,,91,,,,719,,,Jerry Stiller,,,,,,,http://www.imdb.com/title/tt0249516/?ref_=fn_tt_tt_1,,English,USA,PG,,2012,,1.7,,
,,,30,,,,870,,,Tim Conway,,,,,,,http://www.imdb.com/title/tt0055689/?ref_=fn_tt_tt_1,,English,USA,TV-G,,,,7.5,4.0,
,,,101,,,,326,,,Jamel Debbouze,,,,,,,http://www.imdb.com/title/tt1220911/?ref_=fn_tt_tt_1,,French,France,,,2015,,4.9,,
,,,,14,,,,12561,,,,,,,,,,,,,PG,19000000,2010,,,,13000
,,,,18,,,,15593,,,,,,,,,,,,,PG-13,21000000,1999,,,,284
,,,,17000,,,,45250,,,,,,,,,,,,,R,18000000,1980,,,,0
,,,,448,,,,54734,,,,,,,,,,,,,R,,2015,,,,0
,,,80,,,,5000,84961,,Jet Li,,,,,,,http://www.imdb.com/title/tt0299977/?ref_=fn_tt_tt_1,,Mandarin,China,PG-13,,2002,,7.9,2.35,
,,,,3,,,,121972,,,,,,,,,,,,,R,22000000,2002,,,,217
,,,,8,,,,146072,,,,,,,,,,,,,,140000000,1998,,,,136
,,,,0,,,,206678,,,,,,,,,,,,,PG,,2008,,,,1000
,,,,278,,,,263365,,,,,,,,,,,,,PG-13,20000000,2010,,,,0
,,,,58,,,,305070,,,,,,,,,,,,,R,20000000,1994,,,,399
,,,,25,,,,375474,,,,,,,,,,,,,PG,20000000,2005,,,,445
,,,,78,,,,410388,,,,,,,,,,,,,PG-13,2127519898,2004,,,,973
,,,,34,,,,476270,,,,,,,,,,,,,R,20000000,2008,,,,0
,,,110,,,,113,528972,,Nandita Das,,,,,,,http://www.imdb.com/title/tt0150433/?ref_=fn_tt_tt_1,,Hindi,India,Unrated,,1998,,7.8,,
,,,,11000,,,,531009,,,,,,,,,,,,,R,10000000,2015,,,,0
,,,,44,,,,560512,,,,,,,,,,,,,R,,2016,,,,599
,,,,46,,,,578382,,,,,,,,,,,,,R,,2010,,,,0
,,,,2,,,,634277,,,,,,,,,,,,,PG-13,16000000,2007,,,,815
,,,,115,,,,882710,,,,,,,,,,,,,R,24000000,2000,,,,401
,,,,0,,,,958319,,,,,,,,,,,,,PG-13,21000000,2011,,,,17000
,,,,55,,,,1027749,,,,,,,,,,,,,R,40000000,2008,,,,1000
,,,,13,,,,1050445,,,,,,,,,,,,,PG-13,22000000,2005,,,,11000
,,,,12,,,,1064277,,,,,,,,,,,,,G,20000000,2012,,,,831
,,,,14,,,,1183354,,,,,,,,,,,,,PG-13,20000000,2010,,,,0
,,,,110,,,,1190018,,,,,,,,,,,,,R,20000000,2002,,,,20000
,,,137,,,,27000,1206135,,Tom Hardy,,,,,,,http://www.imdb.com/title/tt1014763/?ref_=fn_tt_tt_1,,English,Czech Republic,R,,2015,,6.4,2.35,
,,,105,,,,1000,1260917,,Omar Sy,,,,,,,http://www.imdb.com/title/tt1149361/?ref_=fn_tt_tt_1,,French,France,R,,2009,,7.2,2.35,
,,,,500,,,,1292527,,,,,,,,,,,,,R,19000000,1996,,,,228
,,,,93,,,,1357042,,,,,,,,,,,,,R,15000000,2011,,,,14000
,,,325,,,,12000,1500000,,Jeff Bridges,,,,,,,http://www.imdb.com/title/tt0080855/?ref_=fn_tt_tt_1,,English,USA,R,,1980,,6.8,2.35,
,,,,121,,,,1646664,,,,,,,,,,,,,R,20000000,2003,,,,241
,,,,43,,,,1796024,,,,,,,,,,,,,R,22000000,2010,,,,0
,,,,214,,,,1900725,,,,,,,,,,,,,R,2000000,2005,,,,0
,,,,42,,,,2000000,,,,,,,,,,,,,PG,20000000,1980,,,,1000
,,,,22,,,,2119994,,,,,,,,,,,,,G,19000000,1993,,,,238
,,,103,,,,849,2154540,,Sam Waterston,,,,,,,http://www.imdb.com/title/tt0120107/?ref_=fn_tt_tt_1,,English,USA,R,,1997,,4.9,2.35,
,,,143,,,,11000,2175312,,Harrison Ford,,,,,,,http://www.imdb.com/title/tt1229340/?ref_=fn_tt_tt_1,,English,USA,PG-13,,2013,,6.3,2.35,
,,,,14,,,,2246000,,,,,,,,,,,,,PG,20000000,2015,,,,0
,,,,6000,,,,2298191,,,,,,,,,,,,,PG-13,2400000000,1997,,,,11000
,,,,22,,,,2353728,,,,,,,,,,,,,PG-13,20000000,2003,,,,235
,,,,0,,,,2840417,,,,,,,,,,,,,R,31000000,1999,,,,6000
,,,,17,,,,2963012,,,,,,,,,,,,,R,22000000,2014,,,,11000
,,,,0,,,,3081925,,,,,,,,,,,,,R,21000000,2008,,,,13000
,,,,24,,,,3108216,,,,,,,,,,,,,R,,2016,,,,0
,,,,0,,,,3519627,,,,,,,,,,,,,PG-13,20000000,2008,,,,0
,,,,19,,,,3749061,,,,,,,,,,,,,PG-13,20000000,2012,,,,0
,,,,162,,,,4001121,,,,,,,,,,,,,R,20000000,2007,,,,0
,,,,18,,,,4234040,,,,,,,,,,,,,PG-13,20000000,2008,,,,0
,,,,272,,,,4250320,,,,,,,,,,,,,PG-13,18000000,1985,,,,0
,,,,719,,,,4398392,,,,,,,,,,,,,R,21000000,2006,,,,0
,,,139,,,,267,4584886,,Marcela Mar,,,,,,,http://www.imdb.com/title/tt0484740/?ref_=fn_tt_tt_1,,English,USA,R,,2007,,6.4,2.35,
,,,,2,,,,4829497,,,,,,,,,,,,,R,,2004,,,,0
,,,,688,,,,5000000,,,,,,,,,,,,,G,25000000,1970,,,,104
,,,,143,,,,5005883,,,,,,,,,,,,,R,20000000,2004,,,,0
,,,,892,,,,5132655,,,,,,,,,,,,,R,20000000,2005,,,,1000
,,,,650,,,,5205343,,,,,,,,,,,,,PG,20000000,2009,,,,1000
,,,,33,,,,5308553,,,,,,,,,,,,,PG,,2012,,,,0
,,,,0,,,,5480996,,,,,,,,,,,,,R,8700000,2006,,,,0
,,,108,,,,8000,5600000,,Julia Roberts,,,,,,,http://www.imdb.com/title/tt0117002/?ref_=fn_tt_tt_1,,English,USA,R,,1996,,5.8,1.85,
,,,121,,,,117,5660084,,Todd Giebenhain,,,,,,,http://www.imdb.com/title/tt0299930/?ref_=fn_tt_tt_1,,English,USA,R,,2003,,2.4,2.35,
,,,100,,,,624,5664251,,Tony Cox,,,,,,,http://www.imdb.com/title/tt1032751/?ref_=fn_tt_tt_1,,English,New Zealand,R,,2010,,6.3,2.35,
,,,,0,,,,5702083,,,,,,,,,,,,,R,15000000,2011,,,,36000
,,,,78,,,,5749134,,,,,,,,,,,,,R,20000000,2014,,,,0
,,,124,,,,21000,5755286,,Robert Downey Jr.,,,,,,,http://www.imdb.com/title/tt0338216/?ref_=fn_tt_tt_1,,English,USA,PG-13,,2007,,5.9,2.35,
,,,,118,,,,5773519,,,,,,,,,,,,,PG-13,40000000,2015,,,,11000
,,,110,,,,11000,5773519,,Daniel Radcliffe,,,,,,,http://www.imdb.com/title/tt1976009/?ref_=fn_tt_tt_1,,English,USA,PG-13,,2015,,6.0,2.35,
,,,,53,,,,5974653,,,,,,,,,,,,,PG-13,22000000,2001,,,,158
,,,,150,,,,6002756,,,,,,,,,,,,,PG,20000000,2012,,,,13000
,,,,15,,,,6061759,,,,,,,,,,,,,PG-13,17000000,2005,,,,0
,,,112,,,,11000,6105175,,James Franco,,,,,,,http://www.imdb.com/title/tt2788710/?ref_=fn_tt_tt_1,,English,USA,R,,2014,,6.6,2.35,
,,,133,,,,226,6167817,,Denis Lavant,,,,,,,http://www.imdb.com/title/tt0344510/?ref_=fn_tt_tt_1,,French,France,R,,2004,,7.7,2.35,
,,,,608,,,,6201757,,,,,,,,,,,,,R,10000000,1999,,,,608
,,,87,,,,2000,6291602,,Judy Greer,,,,,,,http://www.imdb.com/title/tt0181151/?ref_=fn_tt_tt_1,,English,USA,R,,2000,,5.6,1.85,
,,,,38,,,,6420319,,,,,,,,,,,,,PG-13,20000000,2015,,,,15000
,,,88,,,,11000,6471394,,Morgan Freeman,,,,,,,http://www.imdb.com/title/tt0315824/?ref_=fn_tt_tt_1,,English,USA,PG-13,,2004,,4.9,2.35,
,,,,29,,,,6563357,,,,,,,,,,,,,R,20000000,2008,,,,847
,,,114,,,,879,6565495,,Li Gong,,,,,,,http://www.imdb.com/title/tt0473444/?ref_=fn_tt_tt_1,,Mandarin,China,R,,2006,,7.0,2.35,
,,,95,,,,956,6768055,,Sophia Myles,,,,,,,http://www.imdb.com/title/tt0167456/?ref_=fn_tt_tt_1,,English,UK,PG,,2004,,4.2,1.85,
,,,,52,,,,6830957,,,,,,,,,,,,,PG-13,21000000,2002,,,,365
,,,,17,,,,6852144,,,,,,,,,,,,,PG-13,22000000,2003,,,,0
,,,,31,,,,6923891,,,,,,,,,,,,,R,23000000,2011,,,,0
,,,,119,,,,7001720,,,,,,,,,,,,,PG-13,12000000,2008,,,,797
,,,100,,,,734,7204138,,Joel McHale,,,,,,,http://www.imdb.com/title/tt1053810/?ref_=fn_tt_tt_1,,English,USA,PG,,2011,,6.2,2.35,
,,,128,,,,14000,7221458,,Kate Winslet,,,,,,,http://www.imdb.com/title/tt0405676/?ref_=fn_tt_tt_1,,English,Germany,PG-13,,2006,,6.2,1.85,
,,,74,,,,11000,7262288,,Zooey Deschanel,,,,,,,http://www.imdb.com/title/tt0246464/?ref_=fn_tt_tt_1,,English,USA,PG-13,,2002,,6.5,1.85,
,,,,0,,,,7268659,,,,,,,,,,,,,R,20000000,2013,,,,48000
,,,,3,,,,7382993,,,,,,,,,,,,,G,20000000,2006,,,,346
,,,,0,,,,7837632,,,,,,,,,,,,,R,18000000,1997,,,,0
,,,160,,,,23000,7916887,,Joseph Gordon-Levitt,,,,,,,http://www.imdb.com/title/tt1046997/?ref_=fn_tt_tt_1,,English,USA,R,,2008,,6.0,2.35,
,,,135,,,,22000,7994115,,Philip Seymour Hoffman,,,,,,,http://www.imdb.com/title/tt1131729/?ref_=fn_tt_tt_1,,English,UK,R,,2009,,7.4,2.35,
,,,,126,,,,8000000,,,,,,,,,,,,,G,20000000,1965,,,,1000
,,,,28,,,,8000000,,,,,,,,,,,,,PG,18000000,1981,,,,346
,,,,43,,,,8047690,,,,,,,,,,,,,PG-13,19400000,2006,,,,0
,,,,54,,,,8054280,,,,,,,,,,,,,PG-13,20000000,2004,,,,924
,,,,0,,,,8093318,,,,,,,,,,,,,R,20000000,2014,,,,18000
,,,,10,,,,8104069,,,,,,,,,,,,,PG-13,20000000,2007,,,,233
,,,101,,,,219,8129455,,Daniel Kaluuya,,,,,,,http://www.imdb.com/title/tt1634122/?ref_=fn_tt_tt_1,,English,USA,PG,,2011,,6.3,2.35,
,,,,10,,,,8326035,,,,,,,,,,,,,PG-13,33000000,2005,,,,676
,,,109,,,,49000,8355815,,Robin Williams,,,,,,,http://www.imdb.com/title/tt0266452/?ref_=fn_tt_tt_1,,English,UK,R,,2002,,6.4,1.85,
,,,,51,,,,8396942,,,,,,,,,,,,,R,19000000,2008,,,,0
,,,,15,,,,8500000,,,,,,,,,,,,,PG,20000000,1981,,,,501
,,,,0,,,,8579684,,,,,,,,,,,,,R,9000000,2007,,,,0
,,,,0,,,,8579684,,,,,,,,,,,,,R,9000000,2007,,,,0
,,,,79,,,,8600000,,,,,,,,,,,,,PG,25000000,1984,,,,1000
,,,96,,,,841,8742261,,Chris Klein,,,,,,,http://www.imdb.com/title/tt0891592/?ref_=fn_tt_tt_1,,English,Canada,PG-13,,2009,,3.7,2.35,
,,,,52,,,,8855646,,,,,,,,,,,,,PG-13,21000000,2009,,,,10000
,,,,9,,,,8888355,,,,,,,,,,,,,PG-13,20000000,2013,,,,0
,,,,84,,,,9109322,,,,,,,,,,,,,PG,20000000,2004,,,,0
,,,,0,,,,9430988,,,,,,,,,,,,,R,17000000,2009,,,,7000
,,,92,,,,13000,9483821,,Sylvester Stallone,,,,,,,http://www.imdb.com/title/tt1308729/?ref_=fn_tt_tt_1,,English,USA,R,,2012,,5.7,1.85,
,,,,0,,,,9525276,,,,,,,,,,,,,R,20000000,2007,,,,0
,,,108,,,,6000,9528092,,Naomi Watts,,,,,,,http://www.imdb.com/title/tt0977855/?ref_=fn_tt_tt_1,,English,USA,PG-13,,2010,,6.8,2.35,
,,,,37,,,,9694105,,,,,,,,,,,,,PG,22000000,1999,,,,272
,,,,11000,,,,9714482,,,,,,,,,,,,,R,20000000,1996,,,,0
,,,107,,,,2000,9795017,,Michael Biehn,,,,,,,http://www.imdb.com/title/tt0113451/?ref_=fn_tt_tt_1,,English,USA,R,,1995,,5.1,1.85,
,,,,6000,,,,10049886,,,,,,,,,,,,,PG,19000000,2001,,,,28000
,,,127,,,,984,10137232,,Ian Ziering,,,,,,,http://www.imdb.com/title/tt0421054/?ref_=fn_tt_tt_1,,English,France,R,,2005,,6.0,2.35,
,,,135,,,,10000,10400000,,Gary Oldman,,,,,,,http://www.imdb.com/title/tt0114345/?ref_=fn_tt_tt_1,,English,USA,R,,1995,,5.1,2.35,
,,,,31,,,,10494494,,,,,,,,,,,,,PG-13,18000000,2013,,,,4000
,,,81,,,,13000,10539414,,Michael Fassbender,,,,,,,http://www.imdb.com/title/tt1075747/?ref_=fn_tt_tt_1,,English,USA,PG-13,,2010,,4.7,2.35,
,,,,4,,,,10544143,,,,,,,,,,,,,PG-13,20000000,1999,,,,311
,,,,277,,,,10555348,,,,,,,,,,,,,PG-13,20000000,1989,,,,855
,,,115,,,,972,10556196,,Mia Kirshner,,,,,,,http://www.imdb.com/title/tt0119592/?ref_=fn_tt_tt_1,,English,USA,PG-13,,1997,,6.2,2.35,
,,,,0,,,,10562387,,,,,,,,,,,,,R,18500000,1998,,,,15000
,,,,11000,,,,10569071,,,,,,,,,,,,,R,20000000,1997,,,,0
,,,,87,,,,10696210,,,,,,,,,,,,,PG-13,23500000,1993,,,,716
,,,104,,,,12000,10706786,,Nicolas Cage,,,,,,,http://www.imdb.com/title/tt1502404/?ref_=fn_tt_tt_1,,English,USA,R,,2011,,5.5,1.85,
,,,,350,,,,11034436,,,,,,,,,,,,,R,20000000,2005,,,,0
,,,106,,,,3000,11146409,,Djimon Hounsou,,,,,,,http://www.imdb.com/title/tt0118956/?ref_=fn_tt_tt_1,,English,USA,R,,1998,,6.0,2.35,
,,,,1000,,,,11169531,,,,,,,,,,,,,PG-13,20000000,2008,,,,0
,,,,108,,,,11326836,,,,,,,,,,,,,R,22000000,2013,,,,17000
,,,100,,,,995,11466088,,Hector Elizondo,,,,,,,http://www.imdb.com/title/tt0120390/?ref_=fn_tt_tt_1,,English,USA,R,,1997,,4.7,2.35,
,,,,18,,,,11784000,,,,,,,,,,,,,PG,20000000,1994,,,,444
,,,,198,,,,12134420,,,,,,,,,,,,,R,20000000,2010,,,,25000
,,,,272,,,,12181484,,,,,,,,,,,,,PG-13,40000000,2004,,,,713
,,,,212,,,,12232937,,,,,,,,,,,,,PG-13,22000000,2009,,,,0
,,,,394,,,,12398628,,,,,,,,,,,,,R,20000000,2002,,,,977
,,,,563,,,,12469811,,,,,,,,,,,,,R,22000000,2005,,,,0
,,,,214,,,,12626905,,,,,,,,,,,,,R,20000000,2016,,,,0
,,,,737,,,,12784713,,,,,,,,,,,,,R,22000000,2004,,,,0
,,,129,,,,2000,12802907,,Kelly Macdonald,,,,,,,http://www.imdb.com/title/tt1781769/?ref_=fn_tt_tt_1,,English,UK,R,,2012,,6.6,2.35,
,,,,118,,,,12831121,,,,,,,,,,,,,PG-13,30000000,2004,,,,0
,,,280,,,,789,12870569,,Billy Campbell,,,,,,,http://www.imdb.com/title/tt0279111/?ref_=fn_tt_tt_1,,English,USA,PG-13,,2003,,6.3,2.35,
,,,,176,,,,12987647,,,,,,,,,,,,,R,30000000,2002,,,,983
,,,,192,,,,13214030,,,,,,,,,,,,,PG-13,20000000,2008,,,,0
,,,,11000,,,,13383737,,,,,,,,,,,,,R,20000000,1994,,,,979
,,,,6,,,,13391174,,,,,,,,,,,,,PG,20000000,2006,,,,0
,,,95,,,,409,13401683,,Wood Harris,,,,,,,http://www.imdb.com/title/tt1343727/?ref_=fn_tt_tt_1,,English,UK,R,,2012,,7.1,2.35,
,,,,128,,,,13491653,,,,,,,,,,,,,R,18000000,2001,,,,813
,,,,34,,,,13555988,,,,,,,,,,,,,PG,22000000,2000,,,,0
,,,212,,,,12000,13560960,,Anthony Hopkins,,,,,,,http://www.imdb.com/title/tt0113987/?ref_=fn_tt_tt_1,,English,USA,R,,1995,,7.1,2.35,
,,,,83,,,,13630226,,,,,,,,,,,,,R,20000000,2009,,,,0
,,,,53,,,,13650738,,,,,,,,,,,,,R,20000000,2015,,,,25000
,,,,21,,,,13746550,,,,,,,,,,,,,R,2000000,2012,,,,0
,,,,36,,,,13801755,,,,,,,,,,,,,PG,20000000,1997,,,,0
,,,,20,,,,13987482,,,,,,,,,,,,,R,20000000,2011,,,,0
,,,,179,,,,13998282,,,,,,,,,,,,,PG-13,16000000,2014,,,,31000
,,,158,,,,51,14131298,,Paul Brooke,,,,,,,http://www.imdb.com/title/tt0151137/?ref_=fn_tt_tt_1,,English,France,R,,1999,,6.4,2.35,
,,,,82,,,,14174654,,,,,,,,,,,,,PG-13,25000000,2008,,,,0
,,,,4,,,,14252830,,,,,,,,,,,,,PG-13,22000000,2001,,,,0
,,,,4,,,,14291570,,,,,,,,,,,,,PG-13,20000000,2012,,,,10000
,,,,909,,,,14359793,,,,,,,,,,,,,R,,2009,,,,10000
,,,,0,,,,14793904,,,,,,,,,,,,,PG-13,18000000,2009,,,,0
,,,127,,,,788,14946229,,Joseph Gilgun,,,,,,,http://www.imdb.com/title/tt1355631/?ref_=fn_tt_tt_1,,English,UK,R,,2016,,7.3,2.35,
,,,99,,,,12000,15279680,,Nicolas Cage,,,,,,,http://www.imdb.com/title/tt0814022/?ref_=fn_tt_tt_1,,English,USA,R,,2008,,5.4,1.85,
,,,,44,,,,15281286,,,,,,,,,,,,,R,18000000,2009,,,,0
,,,,13,,,,15408822,,,,,,,,,,,,,PG-13,20000000,2003,,,,401
,,,,143,,,,15464026,,,,,,,,,,,,,PG-13,20000000,2000,,,,1000
,,,75,,,,4000,15519841,,Sarah Michelle Gellar,,,,,,,http://www.imdb.com/title/tt0308353/?ref_=fn_tt_tt_1,,English,USA,PG,,2006,,4.5,1.85,
,,,128,,,,854,15523168,,Jim Belushi,,,,,,,http://www.imdb.com/title/tt1139328/?ref_=fn_tt_tt_1,,English,France,PG-13,,2010,,7.2,2.35,
,,,220,,,,13000,15527125,,Matt Damon,,,,,,,http://www.imdb.com/title/tt0149624/?ref_=fn_tt_tt_1,,English,USA,PG-13,,2000,,5.8,2.35,
,,,,34,,,,15561627,,,,,,,,,,,,,R,18000000,2001,,,,0
,,,,2,,,,15712072,,,,,,,,,,,,,PG-13,20000000,2004,,,,269
,,,,395,,,,15797907,,,,,,,,,,,,,PG-13,20000000,2007,,,,0
,,,,2,,,,15911333,,,,,,,,,,,,,G,19000000,2000,,,,663
,,,,190,,,,15988876,,,,,,,,,,,,,PG-13,27000000,2009,,,,0
,,,,11,,,,16027866,,,,,,,,,,,,,PG-13,25000000,2015,,,,0
,,,107,,,,939,16088610,,Stephen Root,,,,,,,http://www.imdb.com/title/tt0780567/?ref_=fn_tt_tt_1,,English,USA,PG,,2009,,5.6,2.35,
,,,,0,,,,16248701,,,,,,,,,,,,,R,20000000,2003,,,,0
,,,114,,,,13000,16264475,,Eddie Redmayne,,,,,,,http://www.imdb.com/title/tt0414055/?ref_=fn_tt_tt_1,,English,UK,PG-13,,2007,,6.9,1.85,
,,,,0,,,,16284360,,,,,,,,,,,,,PG-13,21000000,2008,,,,1000
,,,99,,,,1000,16671505,,Joe Mantegna,,,,,,,http://www.imdb.com/title/tt0109190/?ref_=fn_tt_tt_1,,English,USA,PG,,1994,,5.9,1.85,
,,,,11000,,,,16684352,,,,,,,,,,,,,R,17000000,2012,,,,18000
,,,,38,,,,16702864,,,,,,,,,,,,,PG,18000000,2004,,,,591
,,,,0,,,,16988996,,,,,,,,,,,,,G,35000000,2002,,,,422
,,,,11000,,,,17071230,,,,,,,,,,,,,PG,18000000,2000,,,,812
,,,,0,,,,17104669,,,,,,,,,,,,,R,20000000,2004,,,,0
,,,96,,,,10000,17114882,,Viggo Mortensen,,,,,,,http://www.imdb.com/title/tt0765443/?ref_=fn_tt_tt_1,,English,USA,R,,2007,,7.7,1.85,
,,,,13,,,,17174870,,,,,,,,,,,,,PG-13,18000000,2000,,,,0
,,,100,,,,1000,17300889,,Cary-Hiroyuki Tagawa,,,,,,,http://www.imdb.com/title/tt0117331/?ref_=fn_tt_tt_1,,English,Australia,PG,,1996,,4.9,2.35,
,,,,0,,,,17518220,,,,,,,,,,,,,PG-13,20000000,1995,,,,0
,,,,83,,,,17529157,,,,,,,,,,,,,R,20000000,2012,,,,25000
,,,,0,,,,17750583,,,,,,,,,,,,,R,30000000,2015,,,,23000
,,,,52,,,,17757087,,,,,,,,,,,,,R,21000000,1999,,,,897
,,,,480,,,,17803796,,,,,,,,,,,,,PG-13,20000000,2006,,,,484
,,,,12,,,,17951431,,,,,,,,,,,,,PG-13,30000000,2001,,,,804
,,,,0,,,,18081626,,,,,,,,,,,,,G,20000000,2005,,,,264
,,,,160,,,,18252684,,,,,,,,,,,,,PG,30000000,1998,,,,0
,,,,0,,,,18329466,,,,,,,,,,,,,R,18000000,2010,,,,63000
,,,,0,,,,18352454,,,,,,,,,,,,,R,15000000,2007,,,,76000
,,,,0,,,,18439082,,,,,,,,,,,,,PG-13,18500000,2009,,,,13000
,,,110,,,,23000,18472363,,Paul Walker,,,,,,,http://www.imdb.com/title/tt0378109/?ref_=fn_tt_tt_1,,English,USA,PG-13,,2005,,5.8,2.35,
,,,116,,,,22000,18573791,,Robert De Niro,,,,,,,http://www.imdb.com/title/tt0116277/?ref_=fn_tt_tt_1,,English,USA,R,,1996,,5.8,2.35,
,,,102,,,,107,18600911,,Robert Clohessy,,,,,,,http://www.imdb.com/title/tt1568338/?ref_=fn_tt_tt_1,,English,USA,PG-13,,2012,,6.6,2.35,
,,,,0,,,,18882880,,,,,,,,,,,,,R,20000000,2007,,,,681
,,,100,,,,1000,19118247,,Christina Milian,,,,,,,http://www.imdb.com/title/tt0331933/?ref_=fn_tt_tt_1,,English,USA,PG-13,,2005,,5.4,2.35,
,,,,41,,,,19151864,,,,,,,,,,,,,R,40000000,2008,,,,0
,,,,0,,,,19283782,,,,,,,,,,,,,R,22000000,1999,,,,0
,,,,221,,,,19351569,,,,,,,,,,,,,PG-13,22000000,2001,,,,739
,,,134,,,,11000,19377727,,Jon Lovitz,,,,,,,http://www.imdb.com/title/tt0395251/?ref_=fn_tt_tt_1,,English,USA,PG-13,,2005,,6.4,2.35,
,,,124,,,,1000,19445217,,Alden Ehrenreich,,,,,,,http://www.imdb.com/title/tt1559547/?ref_=fn_tt_tt_1,,English,USA,PG-13,,2013,,6.2,2.35,
,,,130,,,,18000,19593740,,Kevin Spacey,,,,,,,http://www.imdb.com/title/tt0289992/?ref_=fn_tt_tt_1,,English,USA,R,,2003,,7.5,2.35,
,,,,57,,,,19661987,,,,,,,,,,,,,R,20000000,2007,,,,0
,,,124,,,,723,19719930,,Costas Mandylor,,,,,,,http://www.imdb.com/title/tt0237572/?ref_=fn_tt_tt_1,,English,USA,R,,2001,,6.8,2.35,
,,,,39,,,,19783777,,,,,,,,,,,,,R,22000000,2013,,,,15000
,,,117,,,,905,20101861,,John de Lancie,,,,,,,http://www.imdb.com/title/tt0117108/?ref_=fn_tt_tt_1,,English,USA,PG-13,,1996,,6.0,2.35,
,,,,0,,,,20207003,,,,,,,,,,,,,R,,2008,,,,0
,,,,0,,,,20241395,,,,,,,,,,,,,R,20000000,1998,,,,0
,,,,2,,,,20259297,,,,,,,,,,,,,PG-13,20000000,2006,,,,0
,,,139,,,,11000,20389967,,Matthew McConaughey,,,,,,,http://www.imdb.com/title/tt1124037/?ref_=fn_tt_tt_1,,English,USA,R,,2016,,6.7,1.85,
,,,91,,,,2000,20400913,,Alexa PenaVega,,,,,,,http://www.imdb.com/title/tt0116421/?ref_=fn_tt_tt_1,,English,USA,R,,1996,,5.3,1.85,
,,,,0,,,,20433940,,,,,,,,,,,,,R,15000000,2005,,,,0
,,,95,,,,18000,20488579,,Gerard Butler,,,,,,,http://www.imdb.com/title/tt1034032/?ref_=fn_tt_tt_1,,English,USA,R,,2009,,5.8,1.85,
,,,107,,,,18000,20550712,,Keanu Reeves,,,,,,,http://www.imdb.com/title/tt0115857/?ref_=fn_tt_tt_1,,English,USA,PG-13,,1996,,5.6,1.85,
,,,,144,,,,20668843,,,,,,,,,,,,,PG-13,22000000,2008,,,,687
,,,104,,,,5000,20915465,,Bob Hoskins,,,,,,,http://www.imdb.com/title/tt0108255/?ref_=fn_tt_tt_1,,English,UK,PG,,1993,,4.0,1.85,
,,,,0,,,,20916309,,,,,,,,,,,,,PG,40000000,2009,,,,431
,,,,835,,,,21200000,,,,,,,,,,,,,R,20000000,1995,,,,1000
,,,84,,,,6000,21283440,,Naomi Watts,,,,,,,http://www.imdb.com/title/tt1462041/?ref_=fn_tt_tt_1,,English,USA,PG-13,,2011,,6.0,2.35,
,,,,0,,,,21378000,,,,,,,,,,,,,R,1000000,1980,,,,7000
,,,,23,,,,21413105,,,,,,,,,,,,,PG-13,20000000,1990,,,,0
,,,104,,,,879,21413502,,Lauren Holly,,,,,,,http://www.imdb.com/title/tt0098987/?ref_=fn_tt_tt_1,,English,USA,R,,1990,,6.3,2.35,
,,,,33,,,,21483154,,,,,,,,,,,,,PG-13,19000000,2013,,,,53000
,,,102,,,,20000,21557240,,Natalie Portman,,,,,,,http://www.imdb.com/title/tt1240982/?ref_=fn_tt_tt_1,,English,USA,R,,2011,,5.6,2.35,
,,,108,,,,687,22108977,,Julian Sands,,,,,,,http://www.imdb.com/title/tt0288045/?ref_=fn_tt_tt_1,,English,Hong Kong,PG-13,,2003,,5.2,2.35,
,,,,0,,,,22245861,,,,,,,,,,,,,R,19000000,2002,,,,0
,,,,2,,,,22264487,,,,,,,,,,,,,R,22000000,2005,,,,887
,,,,88,,,,22294341,,,,,,,,,,,,,PG-13,21500000,1996,,,,758
,,,,64,,,,22452209,,,,,,,,,,,,,PG,18000000,2009,,,,0
,,,101,,,,14000,22531698,,Vin Diesel,,,,,,,http://www.imdb.com/title/tt0364970/?ref_=fn_tt_tt_1,,English,France,PG-13,,2008,,5.6,2.35,
,,,172,,,,852,22843047,,Oprah Winfrey,,,,,,,http://www.imdb.com/title/tt0120603/?ref_=fn_tt_tt_1,,English,USA,R,,1998,,5.9,1.85,
,,,119,,,,29000,22877808,,Leonardo DiCaprio,,,,,,,http://www.imdb.com/title/tt0959337/?ref_=fn_tt_tt_1,,English,USA,R,,2008,,7.3,2.35,
,,,,7,,,,22927390,,,,,,,,,,,,,PG-13,18000000,2009,,,,0
,,,104,,,,961,23020488,,Jaime King,,,,,,,http://www.imdb.com/title/tt0245803/?ref_=fn_tt_tt_1,,English,USA,PG-13,,2003,,5.5,2.35,
,,,,19,,,,23078294,,,,,,,,,,,,,PG-13,9000000,2006,,,,0
,,,90,,,,14000,23159305,,Vin Diesel,,,,,,,http://www.imdb.com/title/tt0129167/?ref_=fn_tt_tt_1,,English,USA,PG,,1999,,8.0,2.35,
,,,,15,,,,23179303,,,,,,,,,,,,,PG,20000000,2011,,,,6000
,,,,212,,,,23292105,,,,,,,,,,,,,PG-13,20000000,2006,,,,3000
,,,92,,,,211,23324666,,Kasia Smutniak,,,,,,,http://www.imdb.com/title/tt1179034/?ref_=fn_tt_tt_1,,English,France,R,,2010,,6.5,2.35,
,,,,19,,,,23393765,,,,,,,,,,,,,PG-13,20000000,2014,,,,0
,,,,62,,,,23993605,,,,,,,,,,,,,R,18000000,2009,,,,0
,,,119,,,,13000,24006726,,Bill Murray,,,,,,,http://www.imdb.com/title/tt0362270/?ref_=fn_tt_tt_1,,English,USA,R,,2004,,7.3,2.35,
,,,,140,,,,24104113,,,,,,,,,,,,,R,20000000,2011,,,,24000
,,,122,,,,12000,24127895,,Nicolas Cage,,,,,,,http://www.imdb.com/title/tt0399295/?ref_=fn_tt_tt_1,,English,USA,R,,2005,,7.6,2.35,
,,,133,,,,5000,24343673,,Jim Sturgess,,,,,,,http://www.imdb.com/title/tt0445922/?ref_=fn_tt_tt_1,,English,USA,PG-13,,2007,,7.4,2.35,
,,,,89,,,,24362501,,,,,,,,,,,,,R,21500000,1999,,,,0
,,,120,,,,22000,24375436,,Robert De Niro,,,,,,,http://www.imdb.com/title/tt0179626/?ref_=fn_tt_tt_1,,English,USA,R,,2001,,6.1,2.35,
,,,90,,,,44,24430272,,Judith Chapman,,,,,,,http://www.imdb.com/title/tt0253867/?ref_=fn_tt_tt_1,,English,USA,R,,2002,,5.1,1.85,
,,,103,,,,11000,24520892,,Morgan Freeman,,,,,,,http://www.imdb.com/title/tt0342258/?ref_=fn_tt_tt_1,,English,France,R,,2005,,7.0,2.35,
,,,,65,,,,24848292,,,,,,,,,,,,,PG-13,20000000,2008,,,,0
,,,189,,,,16000,25031037,,Quentin Tarantino,,,,,,,http://www.imdb.com/title/tt0462322/?ref_=fn_tt_tt_1,,English,USA,R,,2007,,7.6,2.35,
,,,104,,,,5000,25040293,,Jet Li,,,,,,,http://www.imdb.com/title/tt0865556/?ref_=fn_tt_tt_1,,English,USA,PG-13,,2008,,6.6,2.35,
,,,,0,,,,25077977,,,,,,,,,,,,,PG,20000000,2010,,,,0
,,,86,,,,1000,25200412,,Malese Jow,,,,,,,http://www.imdb.com/title/tt0775552/?ref_=fn_tt_tt_1,,English,USA,PG,,2009,,5.4,1.85,
,,,,255,,,,25296447,,,,,,,,,,,,,PG-13,21000000,2002,,,,0
,,,101,,,,12000,25407250,,Steve Buscemi,,,,,,,http://www.imdb.com/title/tt0116225/?ref_=fn_tt_tt_1,,English,USA,R,,1996,,5.7,2.35,
,,,118,,,,6000,25450527,,Naomi Watts,,,,,,,http://www.imdb.com/title/tt0963178/?ref_=fn_tt_tt_1,,English,USA,R,,2009,,6.5,2.35,
,,,131,,,,23000,25528495,,Christian Bale,,,,,,,http://www.imdb.com/title/tt0238112/?ref_=fn_tt_tt_1,,English,UK,R,,2001,,5.9,2.35,
,,,,26,,,,25584685,,,,,,,,,,,,,PG,20000000,2007,,,,590
,,,,99,,,,25677801,,,,,,,,,,,,,PG,20000000,2010,,,,0
,,,,0,,,,25753840,,,,,,,,,,,,,R,19000000,1996,,,,12000
,,,,0,,,,25842000,,,,,,,,,,,,,PG,22000000,1993,,,,2000
,,,93,,,,9000,25857987,,Charlize Theron,,,,,,,http://www.imdb.com/title/tt0402022/?ref_=fn_tt_tt_1,,English,USA,PG-13,,2005,,5.5,2.35,
,,,123,,,,12000,25900000,,Nicolas Cage,,,,,,,http://www.imdb.com/title/tt0087089/?ref_=fn_tt_tt_1,,English,USA,R,,1984,,6.5,1.85,
,,,,1000,,,,26003149,,,,,,,,,,,,,R,20000000,2013,,,,49000
,,,110,,,,16000,26199517,,Clint Eastwood,,,,,,,http://www.imdb.com/title/tt0309377/?ref_=fn_tt_tt_1,,English,USA,R,,2002,,6.4,2.35,
,,,,24,,,,26284475,,,,,,,,,,,,,PG-13,17000000,2015,,,,0
,,,,130,,,,26400000,,,,,,,,,,,,,PG,18000000,1984,,,,2000
,,,91,,,,922,26404753,,Fisher Stevens,,,,,,,http://www.imdb.com/title/tt1598828/?ref_=fn_tt_tt_1,,English,USA,PG-13,,2012,,5.3,2.35,
,,,,453,,,,26415649,,,,,,,,,,,,,R,20000000,2008,,,,0
,,,114,,,,14000,26442251,,Liam Neeson,,,,,,,http://www.imdb.com/title/tt2199571/?ref_=fn_tt_tt_1,,English,USA,R,,2015,,6.6,2.35,
,,,98,,,,933,26536120,,Connie Nielsen,,,,,,,http://www.imdb.com/title/tt0264395/?ref_=fn_tt_tt_1,,English,Germany,R,,2003,,6.5,2.35,
,,,125,,,,430,26616999,,J.D. Evermore,,,,,,,http://www.imdb.com/title/tt1517260/?ref_=fn_tt_tt_1,,English,USA,PG-13,,2013,,5.9,2.35,
,,,,380,,,,26830000,,,,,,,,,,,,,R,18000000,1989,,,,0
,,,123,,,,5000,26838389,,Orlando Bloom,,,,,,,http://www.imdb.com/title/tt0368709/?ref_=fn_tt_tt_1,,English,USA,PG-13,,2005,,6.4,1.85,
,,,,31,,,,26870825,,,,,,,,,,,,,PG-13,,2006,,,,0
,,,,2,,,,26876529,,,,,,,,,,,,,PG-13,27000000,2008,,,,0
,,,,8,,,,26906039,,,,,,,,,,,,,PG-13,18000000,1996,,,,588
,,,95,,,,13000,27067160,,Bruce Willis,,,,,,,http://www.imdb.com/title/tt0160916/?ref_=fn_tt_tt_1,,English,USA,R,,1999,,5.9,1.85,
,,,,350,,,,27277055,,,,,,,,,,,,,R,20000000,2000,,,,10000
,,,177,,,,913,27400000,,Virginia Madsen,,,,,,,http://www.imdb.com/title/tt0087182/?ref_=fn_tt_tt_1,,English,USA,PG-13,,1984,,6.6,2.35,
,,,131,,,,879,27667947,,Li Gong,,,,,,,http://www.imdb.com/title/tt0367959/?ref_=fn_tt_tt_1,,English,UK,R,,2007,,6.2,2.35,
,,,,8,,,,27758465,,,,,,,,,,,,,PG-13,19000000,2010,,,,0
,,,87,,,,427,27972410,,Kevin McNally,,,,,,,http://www.imdb.com/title/tt0274166/?ref_=fn_tt_tt_1,,English,UK,PG,,2003,,6.1,1.85,
,,,88,,,,12000,28133159,,Nicolas Cage,,,,,,,http://www.imdb.com/title/tt0429589/?ref_=fn_tt_tt_1,,English,USA,PG,,2006,,5.9,1.85,
,,,97,,,,4000,28328132,,Salma Hayek,,,,,,,http://www.imdb.com/title/tt0367479/?ref_=fn_tt_tt_1,,English,USA,PG-13,,2004,,6.3,2.35,
,,,102,,,,14000,28837115,,Milla Jovovich,,,,,,,http://www.imdb.com/title/tt1608290/?ref_=fn_tt_tt_1,,English,USA,PG-13,,2016,,4.8,2.35,
,,,,24,,,,28876924,,,,,,,,,,,,,PG-13,20000000,2016,,,,0
,,,,29,,,,29062561,,,,,,,,,,,,,PG-13,,2009,,,,0
,,,93,,,,26000,29113588,,Jason Statham,,,,,,,http://www.imdb.com/title/tt0472399/?ref_=fn_tt_tt_1,,English,USA,R,,2011,,6.6,2.35,
,,,103,,,,963,29580087,,Michael Kelly,,,,,,,http://www.imdb.com/title/tt1314228/?ref_=fn_tt_tt_1,,English,USA,PG-13,,2009,,4.7,2.35,
,,,,39,,,,29753944,,,,,,,,,,,,,R,20000000,1998,,,,0
,,,132,,,,919,29781453,,Rosie Perez,,,,,,,http://www.imdb.com/title/tt0200027/?ref_=fn_tt_tt_1,,English,USA,PG-13,,2001,,6.4,1.85,
,,,,35,,,,29975979,,,,,,,,,,,,,R,20000000,2009,,,,0
,,,,1000,,,,29997095,,,,,,,,,,,,,PG-13,22000000,2016,,,,23000
,,,,79,,,,30028592,,,,,,,,,,,,,R,20000000,2008,,,,0
,,,,0,,,,30059386,,,,,,,,,,,,,R,22000000,2001,,,,0
,,,,17,,,,30079316,,,,,,,,,,,,,R,35000000,2002,,,,0
,,,,23,,,,30222640,,,,,,,,,,,,,PG-13,25000000,2003,,,,0
,,,132,,,,45000,30306268,,Muse Watson,,,,,,,http://www.imdb.com/title/tt0112401/?ref_=fn_tt_tt_1,,English,France,R,,1995,,6.3,1.85,
,,,,31,,,,30659817,,,,,,,,,,,,,PG-13,26000000,2013,,,,0
,,,88,,,,4000,31051126,,Salma Hayek,,,,,,,http://www.imdb.com/title/tt1430626/?ref_=fn_tt_tt_1,,English,UK,PG,,2012,,6.7,2.35,
,,,99,,,,405,31136950,,Augustus Prew,,,,,,,http://www.imdb.com/title/tt1438254/?ref_=fn_tt_tt_1,,English,USA,PG-13,,2010,,6.5,2.35,
,,,,108,,,,31146570,,,,,,,,,,,,,R,20000000,2010,,,,0
,,,114,,,,142,31199215,,Robert Baker,,,,,,,http://www.imdb.com/title/tt0379865/?ref_=fn_tt_tt_1,,English,USA,PG-13,,2008,,6.0,1.85,
,,,,521,,,,31471430,,,,,,,,,,,,,R,15000000,2006,,,,0
,,,120,,,,20000,31569268,,Hugh Jackman,,,,,,,http://www.imdb.com/title/tt1823672/?ref_=fn_tt_tt_1,,English,USA,R,,2015,,6.9,2.35,
,,,,14,,,,31584722,,,,,,,,,,,,,R,20000000,2010,,,,0
,,,122,,,,40000,31598308,,Johnny Depp,,,,,,,http://www.imdb.com/title/tt0120681/?ref_=fn_tt_tt_1,,English,USA,R,,2001,,6.8,2.35,
,,,,835,,,,31838002,,,,,,,,,,,,,R,20000000,2008,,,,10000
,,,115,,,,33000,31874869,,Ryan Gosling,,,,,,,http://www.imdb.com/title/tt0264935/?ref_=fn_tt_tt_1,,English,USA,R,,2002,,6.1,1.85,
,,,,13000,,,,32000000,,,,,,,,,,,,,R,806947,1960,,,,18000
,,,94,,,,550,32003620,,Richard Burgi,,,,,,,http://www.imdb.com/title/tt0337921/?ref_=fn_tt_tt_1,,English,USA,PG-13,,2004,,6.5,2.35,
,,,,92,,,,32014289,,,,,,,,,,,,,PG-13,20000000,2013,,,,13000
,,,,36,,,,32051917,,,,,,,,,,,,,R,20000000,1995,,,,0
,,,129,,,,13000,32741596,,Matt Damon,,,,,,,http://www.imdb.com/title/tt1212419/?ref_=fn_tt_tt_1,,English,USA,PG-13,,2010,,6.5,2.35,
,,,,406,,,,32774834,,,,,,,,,,,,,R,30000000,2004,,,,0
,,,117,,,,2000,32800000,,Demi Moore,,,,,,,http://www.imdb.com/title/tt0117765/?ref_=fn_tt_tt_1,,English,USA,R,,1996,,4.3,1.85,
,,,,0,,,,33313582,,,,,,,,,,,,,R,21000000,2009,,,,0
,,,,11000,,,,33404871,,,,,,,,,,,,,PG-13,18000000,2013,,,,36000
,,,,53,,,,33422556,,,,,,,,,,,,,PG-13,20000000,2008,,,,0
,,,99,,,,8000,33472850,,Will Ferrell,,,,,,,http://www.imdb.com/title/tt0839980/?ref_=fn_tt_tt_1,,English,USA,R,,2008,,5.8,2.35,
,,,135,,,,23000,33574332,,Paul Walker,,,,,,,http://www.imdb.com/title/tt0418689/?ref_=fn_tt_tt_1,,English,USA,R,,2006,,7.1,2.35,
,,,87,,,,15000,33643461,,Emma Stone,,,,,,,http://www.imdb.com/title/tt1392197/?ref_=fn_tt_tt_1,,English,USA,PG,,2010,,4.2,2.35,
,,,118,,,,13000,33828318,,Matt Damon,,,,,,,http://www.imdb.com/title/tt0338466/?ref_=fn_tt_tt_1,,English,USA,PG-13,,2003,,5.8,2.35,
,,,126,,,,12000,34098563,,Anthony Hopkins,,,,,,,http://www.imdb.com/title/tt0128278/?ref_=fn_tt_tt_1,,English,USA,R,,1999,,6.5,2.35,
,,,,1000,,,,34126138,,,,,,,,,,,,,R,20000000,2004,,,,52000
,,,94,,,,933,34238611,,Connie Nielsen,,,,,,,http://www.imdb.com/title/tt0269347/?ref_=fn_tt_tt_1,,English,USA,R,,2003,,6.0,1.85,
,,,,189,,,,34290142,,,,,,,,,,,,,R,19800000,2014,,,,14000
,,,,0,,,,34300771,,,,,,,,,,,,,R,25000000,2006,,,,0
,,,,34,,,,34334256,,,,,,,,,,,,,R,11000000,2013,,,,16000
,,,102,,,,622,34350553,,Will Forte,,,,,,,http://www.imdb.com/title/tt1298649/?ref_=fn_tt_tt_1,,English,USA,R,,2012,,5.7,2.35,
,,,118,,,,134,34580635,,Matt Price,,,,,,,http://www.imdb.com/title/tt0125664/?ref_=fn_tt_tt_1,,English,UK,R,,1999,,7.4,2.35,
,,,133,,,,683,34667015,,Robert Davi,,,,,,,http://www.imdb.com/title/tt0097742/?ref_=fn_tt_tt_1,,English,UK,PG-13,,1989,,6.6,2.35,
,,,,12,,,,35033759,,,,,,,,,,,,,R,19000000,2011,,,,21000
,,,93,,,,2000,35092918,,Matthew Broderick,,,,,,,http://www.imdb.com/title/tt0790604/?ref_=fn_tt_tt_1,,English,USA,PG,,2006,,4.9,1.85,
,,,137,,,,24000,35168395,,J.K. Simmons,,,,,,,http://www.imdb.com/title/tt0126916/?ref_=fn_tt_tt_1,,English,USA,PG-13,,1999,,6.5,2.35,
,,,119,,,,650,35228696,,Debra Messing,,,,,,,http://www.imdb.com/title/tt0265349/?ref_=fn_tt_tt_1,,English,USA,PG-13,,2002,,6.5,2.35,
,,,90,,,,1000,35231365,,Taylor Negron,,,,,,,http://www.imdb.com/title/tt0158622/?ref_=fn_tt_tt_1,,English,USA,PG,,2000,,3.6,1.85,
,,,,16,,,,35422828,,,,,,,,,,,,,PG,20000000,1997,,,,0
,,,,210,,,,35596227,,,,,,,,,,,,,R,20000000,2010,,,,10000
,,,96,,,,1000,35617599,,Steve Coogan,,,,,,,http://www.imdb.com/title/tt0113419/?ref_=fn_tt_tt_1,,English,USA,PG,,1995,,5.9,1.85,
,,,141,,,,11000,35707327,,Angelina Jolie Pitt,,,,,,,http://www.imdb.com/title/tt0824747/?ref_=fn_tt_tt_1,,English,USA,R,,2008,,7.8,2.35,
,,,,0,,,,35799026,,,,,,,,,,,,,PG-13,126000000,2005,,,,0
,,,,101,,,,36020063,,,,,,,,,,,,,R,22000000,2005,,,,0
,,,215,,,,648,36385763,,Nick Stahl,,,,,,,http://www.imdb.com/title/tt0120863/?ref_=fn_tt_tt_1,,English,USA,R,,1998,,7.6,2.35,
,,,,98,,,,36581633,,,,,,,,,,,,,PG-13,21000000,2007,,,,10000
,,,,82,,,,36658108,,,,,,,,,,,,,PG-13,20000000,2010,,,,16000
,,,,58,,,,36874745,,,,,,,,,,,,,PG-13,20000000,2016,,,,21000
,,,102,,,,13000,36883539,,Bruce Willis,,,,,,,http://www.imdb.com/title/tt0450232/?ref_=fn_tt_tt_1,,English,Germany,PG-13,,2006,,6.6,2.35,
,,,116,,,,11000,36931089,,Adam Sandler,,,,,,,http://www.imdb.com/title/tt1232200/?ref_=fn_tt_tt_1,,English,USA,R,,2012,,5.6,2.35,
,,,103,,,,12000,37035515,,Steve Buscemi,,,,,,,http://www.imdb.com/title/tt0191754/?ref_=fn_tt_tt_1,,English,USA,PG-13,,2000,,6.0,1.37,
,,,118,,,,16000,37035845,,Ryan Reynolds,,,,,,,http://www.imdb.com/title/tt1488555/?ref_=fn_tt_tt_1,,English,USA,R,,2011,,6.4,2.35,
,,,123,,,,3000,37339525,,Don Cheadle,,,,,,,http://www.imdb.com/title/tt0120780/?ref_=fn_tt_tt_1,,English,USA,R,,1998,,7.0,1.85,
,,,,272,,,,37442180,,,,,,,,,,,,,PG-13,20000000,2006,,,,0
,,,119,,,,627,37486138,,Amber Valletta,,,,,,,http://www.imdb.com/title/tt0350028/?ref_=fn_tt_tt_1,,English,USA,PG-13,,2004,,6.0,1.85,
,,,,468,,,,37567440,,,,,,,,,,,,,R,20000000,1982,,,,0
,,,100,,,,10000,37652565,,Gary Oldman,,,,,,,http://www.imdb.com/title/tt1486185/?ref_=fn_tt_tt_1,,English,USA,PG-13,,2011,,5.4,2.35,
,,,,8,,,,37672350,,,,,,,,,,,,,R,20000000,1998,,,,0
,,,,0,,,,37721949,,,,,,,,,,,,,R,,2010,,,,0
,,,93,,,,3000,37879996,,Brendan Fraser,,,,,,,http://www.imdb.com/title/tt0230030/?ref_=fn_tt_tt_1,,English,USA,PG-13,,2000,,6.0,2.35,
,,,,12,,,,38037513,,,,,,,,,,,,,PG,20000000,1991,,,,0
,,,99,,,,330,38105077,,Shô Kosugi,,,,,,,http://www.imdb.com/title/tt1186367/?ref_=fn_tt_tt_1,,English,USA,R,,2009,,6.4,2.35,
,,,112,,,,1000,38360195,,LL Cool J,,,,,,,http://www.imdb.com/title/tt0408985/?ref_=fn_tt_tt_1,,English,USA,PG-13,,2006,,6.4,2.35,
,,,110,,,,1000,38553833,,Tom Wilkinson,,,,,,,http://www.imdb.com/title/tt0116409/?ref_=fn_tt_tt_1,,English,USA,R,,1996,,6.8,2.35,
,,,101,,,,854,38590500,,Mike Starr,,,,,,,http://www.imdb.com/title/tt0110725/?ref_=fn_tt_tt_1,,English,USA,R,,1994,,4.4,2.35,
,,,,42,,,,39103378,,,,,,,,,,,,,R,20000000,2010,,,,0
,,,,70,,,,39143839,,,,,,,,,,,,,PG-13,20000000,2006,,,,930
,,,93,,,,12000,39177541,,Taylor Lautner,,,,,,,http://www.imdb.com/title/tt0424774/?ref_=fn_tt_tt_1,,English,USA,PG,,2005,,3.5,1.85,
,,,,119,,,,39263506,,,,,,,,,,,,,PG-13,22000000,2008,,,,0
,,,119,,,,2000,39440655,,Eric Dane,,,,,,,http://www.imdb.com/title/tt1126591/?ref_=fn_tt_tt_1,,English,USA,PG-13,,2010,,6.4,2.35,
,,,,82,,,,39737645,,,,,,,,,,,,,PG-13,20000000,2007,,,,0
,,,119,,,,29000,39778599,,Leonardo DiCaprio,,,,,,,http://www.imdb.com/title/tt0163978/?ref_=fn_tt_tt_1,,English,USA,R,,2000,,6.6,2.35,
,,,108,,,,14000,40203020,,Colin Firth,,,,,,,http://www.imdb.com/title/tt0317198/?ref_=fn_tt_tt_1,,English,UK,R,,2004,,5.9,2.35,
,,,,48,,,,40219708,,,,,,,,,,,,,PG-13,21000000,2001,,,,0
,,,,24,,,,40270895,,,,,,,,,,,,,PG-13,22000000,2001,,,,15000
,,,,37,,,,40846082,,,,,,,,,,,,,R,19000000,1999,,,,0
,,,114,,,,18000,40905277,,Denzel Washington,,,,,,,http://www.imdb.com/title/tt0313443/?ref_=fn_tt_tt_1,,English,USA,R,,2003,,6.5,2.35,
,,,122,,,,12000,41252428,,Jeff Bridges,,,,,,,http://www.imdb.com/title/tt0117057/?ref_=fn_tt_tt_1,,English,USA,PG-13,,1996,,6.5,1.85,
,,,124,,,,294,41256277,,Armin Mueller-Stahl,,,,,,,http://www.imdb.com/title/tt0119874/?ref_=fn_tt_tt_1,,English,USA,R,,1997,,5.9,2.35,
,,,,500,,,,41300105,,,,,,,,,,,,,R,19800000,2001,,,,0
,,,,0,,,,41382841,,,,,,,,,,,,,PG-13,18000000,1986,,,,0
,,,106,,,,16000,41482207,,Christopher Lee,,,,,,,http://www.imdb.com/title/tt0099700/?ref_=fn_tt_tt_1,,English,USA,PG-13,,1990,,6.3,1.85,
,,,115,,,,11000,41543207,,Morgan Freeman,,,,,,,http://www.imdb.com/title/tt0257756/?ref_=fn_tt_tt_1,,English,USA,PG-13,,2002,,6.3,2.35,
,,,,174,,,,41573740,,,,,,,,,,,,,R,,2009,,,,20000
,,,122,,,,22000,41609593,,Robert De Niro,,,,,,,http://www.imdb.com/title/tt0122690/?ref_=fn_tt_tt_1,,English,UK,R,,1998,,7.3,2.35,
,,,,17,,,,41867960,,,,,,,,,,,,,R,20000000,2001,,,,0
,,,,0,,,,42335698,,,,,,,,,,,,,R,18000000,2014,,,,114000
,,,178,,,,22000,42438300,,Robert De Niro,,,,,,,http://www.imdb.com/title/tt0112641/?ref_=fn_tt_tt_1,,English,USA,R,,1995,,8.2,2.35,
,,,104,,,,437,42610000,,Louis Lombardi,,,,,,,http://www.imdb.com/title/tt0109254/?ref_=fn_tt_tt_1,,English,USA,R,,1994,,5.5,1.85,
,,,,132,,,,42652003,,,,,,,,,,,,,PG,20000000,2015,,,,33000
,,,,8,,,,42660000,,,,,,,,,,,,,PG,17000000,1993,,,,1000
,,,,22,,,,43601508,,,,,,,,,,,,,PG-13,18000000,2003,,,,0
,,,,29,,,,43818159,,,,,,,,,,,,,PG-13,20000000,2008,,,,1000
,,,,80,,,,43853424,,,,,,,,,,,,,PG,18000000,2011,,,,15000
,,,85,,,,26000,43905746,,Jason Statham,,,,,,,http://www.imdb.com/title/tt0267804/?ref_=fn_tt_tt_1,,English,USA,PG-13,,2001,,5.9,2.35,
,,,140,,,,18000,44484065,,Kevin Spacey,,,,,,,http://www.imdb.com/title/tt0120768/?ref_=fn_tt_tt_1,,English,Germany,R,,1998,,7.3,2.35,
,,,125,,,,1000,44665963,,Josh Gad,,,,,,,http://www.imdb.com/title/tt2234155/?ref_=fn_tt_tt_1,,English,USA,PG-13,,2013,,6.3,2.35,
,,,118,,,,18000,44737059,,Keanu Reeves,,,,,,,http://www.imdb.com/title/tt0191397/?ref_=fn_tt_tt_1,,English,USA,PG-13,,2000,,6.5,1.85,
,,,118,,,,23000,44834712,,Joseph Gordon-Levitt,,,,,,,http://www.imdb.com/title/tt0116731/?ref_=fn_tt_tt_1,,English,USA,R,,1996,,5.6,2.35,
,,,,310,,,,44988180,,,,,,,,,,,,,R,20000000,2015,,,,80000
,,,89,,,,12000,45207112,,Steve Buscemi,,,,,,,http://www.imdb.com/title/tt0249478/?ref_=fn_tt_tt_1,,English,USA,PG-13,,2001,,5.5,2.35,
,,,105,,,,4000,45290318,,Salma Hayek,,,,,,,http://www.imdb.com/title/tt1648179/?ref_=fn_tt_tt_1,,English,USA,PG,,2012,,6.5,1.85,
,,,,25,,,,45542421,,,,,,,,,,,,,G,30000000,2000,,,,347
,,,86,,,,12000,45860039,,Dwayne Johnson,,,,,,,http://www.imdb.com/title/tt0351977/?ref_=fn_tt_tt_1,,English,USA,PG-13,,2004,,6.2,2.35,
,,,117,,,,35000,46280507,,Bella Thorne,,,,,,,http://www.imdb.com/title/tt1086772/?ref_=fn_tt_tt_1,,English,USA,PG-13,,2014,,6.5,1.85,
,,,,19,,,,46363118,,,,,,,,,,,,,PG-13,20000000,2005,,,,1000
,,,,16000,,,,46700000,,,,,,,,,,,,,PG,21000000,1982,,,,0
,,,111,,,,11000,46815748,,Meryl Streep,,,,,,,http://www.imdb.com/title/tt0110997/?ref_=fn_tt_tt_1,,English,USA,PG-13,,1994,,6.3,2.35,
,,,132,,,,992,46982632,,Radha Mitchell,,,,,,,http://www.imdb.com/title/tt0384537/?ref_=fn_tt_tt_1,,English,Canada,R,,2006,,6.6,2.35,
,,,123,,,,20000,47095453,,Hugh Jackman,,,,,,,http://www.imdb.com/title/tt0035423/?ref_=fn_tt_tt_1,,English,USA,PG-13,,2001,,6.4,1.85,
,,,141,,,,21000,47105085,,Robert Downey Jr.,,,,,,,http://www.imdb.com/title/tt1872194/?ref_=fn_tt_tt_1,,English,USA,R,,2014,,7.4,2.35,
,,,141,,,,749,47307550,,Demián Bichir,,,,,,,http://www.imdb.com/title/tt1615065/?ref_=fn_tt_tt_1,,English,USA,R,,2012,,6.5,2.35,
,,,89,,,,490,47553512,,Matt Walsh,,,,,,,http://www.imdb.com/title/tt2106361/?ref_=fn_tt_tt_1,,English,USA,PG-13,,2014,,5.8,1.85,
,,,,9,,,,47852604,,,,,,,,,,,,,PG-13,20000000,2007,,,,0
,,,,0,,,,47887943,,,,,,,,,,,,,G,20000000,2003,,,,227
,,,93,,,,1000,48114556,,Dania Ramirez,,,,,,,http://www.imdb.com/title/tt0396592/?ref_=fn_tt_tt_1,,English,USA,PG,,2004,,4.3,2.35,
,,,125,,,,10000,48154732,,Viggo Mortensen,,,,,,,http://www.imdb.com/title/tt0119173/?ref_=fn_tt_tt_1,,English,USA,R,,1997,,5.8,2.35,
,,,129,,,,495,48265581,,Deborah Kara Unger,,,,,,,http://www.imdb.com/title/tt0119174/?ref_=fn_tt_tt_1,,English,USA,R,,1997,,7.8,2.35,
,,,95,,,,970,48291624,,Jon Heder,,,,,,,http://www.imdb.com/title/tt0425123/?ref_=fn_tt_tt_1,,English,USA,PG-13,,2005,,6.7,1.85,
,,,,2,,,,48423368,,,,,,,,,,,,,G,20000000,2002,,,,302
,,,,64,,,,48546578,,,,,,,,,,,,,PG-13,20000000,2006,,,,806
,,,105,,,,87000,48745150,,Jimmy Bennett,,,,,,,http://www.imdb.com/title/tt0408345/?ref_=fn_tt_tt_1,,English,USA,PG-13,,2006,,5.8,2.35,
,,,,42,,,,49002815,,,,,,,,,,,,,PG,22000000,2012,,,,0
,,,,209,,,,49024969,,,,,,,,,,,,,R,25000000,2007,,,,0
,,,125,,,,1000,49875589,,David Oyelowo,,,,,,,http://www.imdb.com/title/tt0485985/?ref_=fn_tt_tt_1,,English,USA,PG-13,,2012,,5.9,2.35,
,,,135,,,,57,49994804,,Andrea Corr,,,,,,,http://www.imdb.com/title/tt0116250/?ref_=fn_tt_tt_1,,English,USA,PG,,1996,,6.3,2.35,
,,,121,,,,16000,50007168,,Clint Eastwood,,,,,,,http://www.imdb.com/title/tt0118548/?ref_=fn_tt_tt_1,,English,USA,R,,1997,,6.7,2.35,
,,,95,,,,17000,50150619,,Channing Tatum,,,,,,,http://www.imdb.com/title/tt2262227/?ref_=fn_tt_tt_1,,English,USA,PG,,2014,,7.3,2.35,
,,,120,,,,18000,50173190,,Kevin Spacey,,,,,,,http://www.imdb.com/title/tt0272152/?ref_=fn_tt_tt_1,,English,USA,PG-13,,2001,,7.4,2.35,
,,,94,,,,14000,50648679,,Milla Jovovich,,,,,,,http://www.imdb.com/title/tt0432021/?ref_=fn_tt_tt_1,,English,France,R,,2007,,6.3,2.35,
,,,,34,,,,50728000,,,,,,,,,,,,,PG-13,22000000,1995,,,,0
,,,98,,,,14000,50740078,,Milla Jovovich,,,,,,,http://www.imdb.com/title/tt0318627/?ref_=fn_tt_tt_1,,English,Germany,R,,2004,,6.2,2.35,
,,,128,,,,13000,50815288,,Matt Damon,,,,,,,http://www.imdb.com/title/tt0365737/?ref_=fn_tt_tt_1,,English,USA,R,,2005,,7.0,2.35,
,,,109,,,,11000,51019112,,Zooey Deschanel,,,,,,,http://www.imdb.com/title/tt0371724/?ref_=fn_tt_tt_1,,English,USA,PG,,2005,,6.8,2.35,
,,,119,,,,3000,51178893,,Ty Burrell,,,,,,,http://www.imdb.com/title/tt2281587/?ref_=fn_tt_tt_1,,English,USA,PG,,2014,,6.4,1.85,
,,,143,,,,18000,51225796,,Gerard Butler,,,,,,,http://www.imdb.com/title/tt0293508/?ref_=fn_tt_tt_1,,English,UK,PG-13,,2004,,7.4,2.35,
,,,103,,,,2000,51317350,,Dennis Quaid,,,,,,,http://www.imdb.com/title/tt0116136/?ref_=fn_tt_tt_1,,English,USA,PG-13,,1996,,6.4,2.35,
,,,,15,,,,51431160,,,,,,,,,,,,,PG,20000000,2004,,,,0
,,,,235,,,,51483949,,,,,,,,,,,,,R,22000000,2003,,,,0
,,,,869,,,,51600000,,,,,,,,,,,,,R,18000000,1984,,,,16000
,,,,0,,,,51697449,,,,,,,,,,,,,PG-13,13000000,2009,,,,1000
,,,136,,,,670,51768623,,F. Murray Abraham,,,,,,,http://www.imdb.com/title/tt0181536/?ref_=fn_tt_tt_1,,English,USA,PG-13,,2000,,7.3,2.35,
,,,96,,,,12000,51774002,,Nicolas Cage,,,,,,,http://www.imdb.com/title/tt1071875/?ref_=fn_tt_tt_1,,English,USA,PG-13,,2011,,4.3,2.35,
,,,,406,,,,52008288,,,,,,,,,,,,,R,21000000,1999,,,,0
,,,,151,,,,52066000,,,,,,,,,,,,,PG-13,20000000,2014,,,,22000
,,,95,,,,14000,52580895,,Josh Hutcherson,,,,,,,http://www.imdb.com/title/tt0384642/?ref_=fn_tt_tt_1,,English,USA,PG,,2005,,5.6,2.35,
,,,,42,,,,52691009,,,,,,,,,,,,,PG,21000000,2011,,,,0
,,,124,,,,838,52752475,,Olivier Martinez,,,,,,,http://www.imdb.com/title/tt0250797/?ref_=fn_tt_tt_1,,English,USA,R,,2002,,6.7,1.85,
,,,144,,,,769,52822418,,Toby Stephens,,,,,,,http://www.imdb.com/title/tt4172430/?ref_=fn_tt_tt_1,,English,USA,R,,2016,,7.4,2.35,
,,,,154,,,,53146000,,,,,,,,,,,,,R,20000000,1996,,,,613
,,,147,,,,22000,53300852,,Robert De Niro,,,,,,,http://www.imdb.com/title/tt0117665/?ref_=fn_tt_tt_1,,English,USA,R,,1996,,7.5,2.35,
,,,122,,,,23000,53574088,,Christian Bale,,,,,,,http://www.imdb.com/title/tt0381849/?ref_=fn_tt_tt_1,,English,USA,R,,2007,,7.8,2.35,
,,,87,,,,13000,53715611,,Sylvester Stallone,,,,,,,http://www.imdb.com/title/tt0095956/?ref_=fn_tt_tt_1,,English,USA,R,,1988,,5.7,2.35,
,,,135,,,,982,53854588,,Don Johnson,,,,,,,http://www.imdb.com/title/tt0117918/?ref_=fn_tt_tt_1,,English,USA,R,,1996,,6.3,2.35,
,,,,116,,,,53868030,,,,,,,,,,,,,PG-13,17000000,1997,,,,0
,,,,529,,,,54235441,,,,,,,,,,,,,PG,22000000,2014,,,,55000
,,,113,,,,1000,54997476,,Oliver Platt,,,,,,,http://www.imdb.com/title/tt0260866/?ref_=fn_tt_tt_1,,English,USA,R,,2001,,6.3,2.35,
,,,109,,,,15000,55092830,,Alex Pettyfer,,,,,,,http://www.imdb.com/title/tt1464540/?ref_=fn_tt_tt_1,,English,USA,PG-13,,2011,,6.1,1.85,
,,,,24,,,,55461307,,,,,,,,,,,,,R,20000000,2016,,,,18000
,,,145,,,,534,55473600,,Charles S. Dutton,,,,,,,http://www.imdb.com/title/tt0103644/?ref_=fn_tt_tt_1,,English,USA,R,,1992,,6.4,2.35,
,,,98,,,,10000,55682070,,Jeremy Renner,,,,,,,http://www.imdb.com/title/tt1428538/?ref_=fn_tt_tt_1,,English,Germany,R,,2013,,6.1,2.35,
,,,91,,,,1000,55747724,,Amy Poehler,,,,,,,http://www.imdb.com/title/tt1621039/?ref_=fn_tt_tt_1,,English,USA,PG,,2013,,5.9,1.85,
,,,144,,,,13000,56083966,,Heath Ledger,,,,,,,http://www.imdb.com/title/tt0183790/?ref_=fn_tt_tt_1,,English,USA,PG-13,,2001,,6.9,2.35,
,,,,189,,,,56127162,,,,,,,,,,,,,PG-13,18000000,2003,,,,0
,,,,17,,,,56154094,,,,,,,,,,,,,PG-13,20000000,2016,,,,51000
,,,,13000,,,,56362352,,,,,,,,,,,,,PG-13,20000000,1990,,,,16000
,,,,30,,,,56398162,,,,,,,,,,,,,PG-13,20000000,2002,,,,2000
,,,112,,,,779,56607223,,Corinna Harney,,,,,,,http://www.imdb.com/title/tt0250687/?ref_=fn_tt_tt_1,,English,Canada,PG-13,,2001,,6.4,2.35,
,,,,0,,,,56667870,,,,,,,,,,,,,R,20000000,2013,,,,83000
,,,113,,,,3000,56724080,,Alyson Hannigan,,,,,,,http://www.imdb.com/title/tt1605630/?ref_=fn_tt_tt_1,,English,USA,R,,2012,,6.7,1.85,
,,,110,,,,485,56932305,,Xander Berkeley,,,,,,,http://www.imdb.com/title/tt0184894/?ref_=fn_tt_tt_1,,English,USA,PG-13,,2000,,6.6,2.35,
,,,110,,,,13000,57362581,,Sylvester Stallone,,,,,,,http://www.imdb.com/title/tt0111255/?ref_=fn_tt_tt_1,,English,Peru,R,,1994,,5.4,1.85,
,,,127,,,,1000,57386369,,Jim Broadbent,,,,,,,http://www.imdb.com/title/tt0203009/?ref_=fn_tt_tt_1,,English,USA,PG-13,,2001,,7.6,2.35,
,,,251,,,,940,57750000,,Martin Landau,,,,,,,http://www.imdb.com/title/tt0056937/?ref_=fn_tt_tt_1,,English,UK,Approved,,1963,,7.0,2.2,
,,,94,,,,4000,58297830,,Kirsten Dunst,,,,,,,http://www.imdb.com/title/tt0118617/?ref_=fn_tt_tt_1,,English,USA,G,,1997,,7.1,2.35,
,,,78,,,,8000,58336565,,Will Ferrell,,,,,,,http://www.imdb.com/title/tt0381971/?ref_=fn_tt_tt_1,,English,USA,G,,2006,,6.6,1.85,
,,,104,,,,13000,58422650,,Bruce Willis,,,,,,,http://www.imdb.com/title/tt0104070/?ref_=fn_tt_tt_1,,English,USA,PG-13,,1992,,6.4,1.85,
,,,,17,,,,58571513,,,,,,,,,,,,,R,19000000,1989,,,,0
,,,116,,,,18000,58918501,,Denzel Washington,,,,,,,http://www.imdb.com/title/tt0115956/?ref_=fn_tt_tt_1,,English,USA,R,,1996,,6.6,1.85,
,,,129,,,,14000,59365105,,Colin Firth,,,,,,,http://www.imdb.com/title/tt0314331/?ref_=fn_tt_tt_1,,English,UK,R,,2003,,7.7,2.35,
,,,,52,,,,59573085,,,,,,,,,,,,,PG-13,18000000,2016,,,,19000
,,,,25,,,,59696176,,,,,,,,,,,,,PG-13,22000000,2014,,,,15000
,,,,323,,,,59735548,,,,,,,,,,,,,R,15000000,1987,,,,13000
,,,81,,,,468,59992760,,Bono,,,,,,,http://www.imdb.com/title/tt0889583/?ref_=fn_tt_tt_1,,English,USA,R,,2009,,5.8,1.85,
,,,,72,,,,60057639,,,,,,,,,,,,,R,18000000,2003,,,,10000
,,,,0,,,,60072596,,,,,,,,,,,,,PG-13,20000000,2010,,,,0
,,,97,,,,14000,60128566,,Milla Jovovich,,,,,,,http://www.imdb.com/title/tt1220634/?ref_=fn_tt_tt_1,,English,Germany,R,,2010,,5.9,2.35,
,,,96,,,,2000,60154431,,Matthew Broderick,,,,,,,http://www.imdb.com/title/tt0115798/?ref_=fn_tt_tt_1,,English,USA,PG-13,,1996,,6.0,2.35,
,,,114,,,,154,60470220,,Fann Wong,,,,,,,http://www.imdb.com/title/tt0300471/?ref_=fn_tt_tt_1,,English,USA,PG-13,,2003,,6.2,2.35,
,,,114,,,,2000,60652036,,Judy Greer,,,,,,,http://www.imdb.com/title/tt0120188/?ref_=fn_tt_tt_1,,English,USA,R,,1999,,7.1,2.35,
,,,107,,,,811,60786269,,Adam Garcia,,,,,,,http://www.imdb.com/title/tt0200550/?ref_=fn_tt_tt_1,,English,USA,PG-13,,2000,,5.6,2.35,
,,,153,,,,20000,60962878,,Hugh Jackman,,,,,,,http://www.imdb.com/title/tt1392214/?ref_=fn_tt_tt_1,,English,USA,R,,2013,,8.1,1.85,
,,,136,,,,18000,60984028,,Keanu Reeves,,,,,,,http://www.imdb.com/title/tt0118971/?ref_=fn_tt_tt_1,,English,USA,R,,1997,,7.5,2.35,
,,,102,,,,956,62318875,,Sophia Myles,,,,,,,http://www.imdb.com/title/tt0401855/?ref_=fn_tt_tt_1,,English,USA,R,,2006,,6.8,2.35,
,,,106,,,,13000,62453315,,Matt Damon,,,,,,,http://www.imdb.com/title/tt1385826/?ref_=fn_tt_tt_1,,English,USA,PG-13,,2011,,7.1,1.85,
,,,123,,,,40000,62563543,,Johnny Depp,,,,,,,http://www.imdb.com/title/tt1355683/?ref_=fn_tt_tt_1,,English,USA,R,,2015,,7.0,2.35,
,,,,30,,,,62933793,,,,,,,,,,,,,PG,20000000,2010,,,,10000
,,,97,,,,13000,63408614,,Sylvester Stallone,,,,,,,http://www.imdb.com/title/tt0098439/?ref_=fn_tt_tt_1,,English,USA,R,,1989,,6.3,2.35,
,,,102,,,,2000,64149837,,Matthew Perry,,,,,,,http://www.imdb.com/title/tt0974661/?ref_=fn_tt_tt_1,,English,USA,PG-13,,2009,,6.4,2.35,
,,,,15,,,,64255243,,,,,,,,,,,,,R,19000000,2005,,,,0
,,,,8,,,,64955956,,,,,,,,,,,,,PG-13,18000000,2004,,,,265
,,,,31,,,,65535067,,,,,,,,,,,,,R,17000000,1999,,,,0
,,,89,,,,2000,65557989,,Frank Welker,,,,,,,http://www.imdb.com/title/tt0118615/?ref_=fn_tt_tt_1,,English,USA,PG-13,,1997,,4.6,2.35,
,,,,0,,,,65623128,,,,,,,,,,,,,PG-13,20000000,2012,,,,0
,,,101,,,,660,66002004,,Scoot McNairy,,,,,,,http://www.imdb.com/title/tt0400497/?ref_=fn_tt_tt_1,,English,USA,G,,2005,,4.7,1.85,
,,,137,,,,890,66207920,,Vivica A. Fox,,,,,,,http://www.imdb.com/title/tt0378194/?ref_=fn_tt_tt_1,,English,USA,R,,2004,,8.0,2.35,
,,,85,,,,21000,66365290,,Robert Downey Jr.,,,,,,,http://www.imdb.com/title/tt0131325/?ref_=fn_tt_tt_1,,English,USA,PG-13,,1999,,6.4,1.37,
,,,82,,,,164000,66466372,,Krista Allen,,,,,,,http://www.imdb.com/title/tt1144884/?ref_=fn_tt_tt_1,,English,USA,R,,2009,,5.2,2.35,
,,,118,,,,18000,66488090,,Denzel Washington,,,,,,,http://www.imdb.com/title/tt0145681/?ref_=fn_tt_tt_1,,English,USA,R,,1999,,6.7,2.35,
,,,170,,,,14000,66676062,,Al Pacino,,,,,,,http://www.imdb.com/title/tt0099674/?ref_=fn_tt_tt_1,,English,USA,R,,1990,,7.6,1.85,
,,,91,,,,521,66790248,,Sydney Pollack,,,,,,,http://www.imdb.com/title/tt0264472/?ref_=fn_tt_tt_1,,English,USA,R,,2002,,6.5,2.35,
,,,123,,,,24000,66808615,,J.K. Simmons,,,,,,,http://www.imdb.com/title/tt0236493/?ref_=fn_tt_tt_1,,English,USA,R,,2001,,6.1,2.35,
,,,110,,,,18000,67061228,,Gerard Butler,,,,,,,http://www.imdb.com/title/tt1038919/?ref_=fn_tt_tt_1,,English,USA,PG-13,,2010,,5.5,2.35,
,,,98,,,,12000,67128202,,Dwayne Johnson,,,,,,,http://www.imdb.com/title/tt1075417/?ref_=fn_tt_tt_1,,English,USA,PG,,2009,,5.7,2.35,
,,,136,,,,17000,67253092,,Channing Tatum,,,,,,,http://www.imdb.com/title/tt0393162/?ref_=fn_tt_tt_1,,English,USA,PG-13,,2005,,7.2,2.35,
,,,118,,,,14000,67263182,,Al Pacino,,,,,,,http://www.imdb.com/title/tt0278504/?ref_=fn_tt_tt_1,,English,USA,R,,2002,,7.2,2.35,
,,,,99,,,,67325559,,,,,,,,,,,,,PG,20000000,2003,,,,0
,,,127,,,,18000,67823573,,Kevin Spacey,,,,,,,http://www.imdb.com/title/tt0114069/?ref_=fn_tt_tt_1,,English,USA,R,,1995,,6.6,1.85,
,,,94,,,,1000,68218041,,Madeline Carroll,,,,,,,http://www.imdb.com/title/tt1396218/?ref_=fn_tt_tt_1,,English,USA,PG,,2011,,6.0,1.85,
,,,133,,,,1000,68750000,,Oliver Platt,,,,,,,http://www.imdb.com/title/tt0116253/?ref_=fn_tt_tt_1,,English,USA,R,,1996,,6.4,2.35,
,,,,322,,,,69148997,,,,,,,,,,,,,PG-13,37000000,2004,,,,0
,,,113,,,,1000,69304264,,Mark Margolis,,,,,,,http://www.imdb.com/title/tt0155267/?ref_=fn_tt_tt_1,,English,USA,R,,1999,,6.8,2.35,
,,,,19,,,,69700000,,,,,,,,,,,,,R,35000000,1982,,,,0
,,,123,,,,10000,69951824,,Will Smith,,,,,,,http://www.imdb.com/title/tt0814314/?ref_=fn_tt_tt_1,,English,USA,PG-13,,2008,,7.7,2.35,
,,,110,,,,886,70001065,,Sanaa Lathan,,,,,,,http://www.imdb.com/title/tt0120611/?ref_=fn_tt_tt_1,,English,USA,R,,1998,,7.1,2.35,
,,,111,,,,926,70098138,,David Carradine,,,,,,,http://www.imdb.com/title/tt0266697/?ref_=fn_tt_tt_1,,English,USA,R,,2003,,8.1,2.35,
,,,117,,,,723,70100000,,John Witherspoon,,,,,,,http://www.imdb.com/title/tt0103859/?ref_=fn_tt_tt_1,,English,USA,R,,1992,,5.4,1.85,
,,,99,,,,17000,70163652,,Chloë Grace Moretz,,,,,,,http://www.imdb.com/title/tt0421729/?ref_=fn_tt_tt_1,,English,USA,PG-13,,2006,,4.6,1.85,
,,,99,,,,23000,70327868,,Christian Bale,,,,,,,http://www.imdb.com/title/tt0162650/?ref_=fn_tt_tt_1,,English,Germany,R,,2000,,5.9,2.35,
,,,,545,,,,70360285,,,,,,,,,,,,,PG-13,18000000,1995,,,,0
,,,206,,,,433,70405498,,Sally Kirkland,,,,,,,http://www.imdb.com/title/tt0102138/?ref_=fn_tt_tt_1,,English,France,R,,1991,,8.0,2.35,
,,,132,,,,20000,70496802,,Natalie Portman,,,,,,,http://www.imdb.com/title/tt0434409/?ref_=fn_tt_tt_1,,English,USA,R,,2005,,8.2,2.35,
,,,114,,,,700,70836296,,Jason Alexander,,,,,,,http://www.imdb.com/title/tt0256380/?ref_=fn_tt_tt_1,,English,USA,PG-13,,2001,,5.9,1.85,
,,,83,,,,1000,71277420,,Natasha Lyonne,,,,,,,http://www.imdb.com/title/tt0257106/?ref_=fn_tt_tt_1,,English,USA,R,,2001,,5.2,1.85,
,,,105,,,,24000,71347010,,J.K. Simmons,,,,,,,http://www.imdb.com/title/tt1155056/?ref_=fn_tt_tt_1,,English,USA,R,,2009,,7.1,1.85,
,,,102,,,,25000,71423726,,Alan Rickman,,,,,,,http://www.imdb.com/title/tt0177789/?ref_=fn_tt_tt_1,,English,USA,PG,,1999,,7.3,2.35,
,,,90,,,,2000,72266306,,Dennis Quaid,,,,,,,http://www.imdb.com/title/tt0443274/?ref_=fn_tt_tt_1,,English,USA,PG-13,,2008,,6.6,2.35,
,,,117,,,,855,72455275,,Wes Studi,,,,,,,http://www.imdb.com/title/tt0104691/?ref_=fn_tt_tt_1,,English,USA,R,,1992,,7.8,2.35,
,,,90,,,,677,72601713,,Rob Paulsen,,,,,,,http://www.imdb.com/title/tt0414853/?ref_=fn_tt_tt_1,,English,Germany,PG,,2006,,5.6,1.85,
,,,118,,,,18000,73343413,,Gerard Butler,,,,,,,http://www.imdb.com/title/tt1197624/?ref_=fn_tt_tt_1,,English,USA,R,,2009,,7.4,2.35,
,,,99,,,,2000,73701902,,Jamie Lee Curtis,,,,,,,http://www.imdb.com/title/tt0388419/?ref_=fn_tt_tt_1,,English,USA,PG,,2004,,5.2,2.35,
,,,147,,,,3000,74098862,,Rosario Dawson,,,,,,,http://www.imdb.com/title/tt0401792/?ref_=fn_tt_tt_1,,English,USA,R,,2005,,8.1,1.85,
,,,,301,,,,75072454,,,,,,,,,,,,,PG-13,20000000,2005,,,,0
,,,121,,,,22000,75274748,,Robert De Niro,,,,,,,http://www.imdb.com/title/tt2361509/?ref_=fn_tt_tt_1,,English,USA,PG-13,,2015,,7.2,1.85,
,,,178,,,,904,75305995,,Bokeem Woodbine,,,,,,,http://www.imdb.com/title/tt0350258/?ref_=fn_tt_tt_1,,English,USA,PG-13,,2004,,7.7,1.85,
,,,80,,,,13000,75367693,,Bill Murray,,,,,,,http://www.imdb.com/title/tt0356634/?ref_=fn_tt_tt_1,,English,USA,PG,,2004,,5.0,1.85,
,,,110,,,,277,75604320,,Todd Stashwick,,,,,,,http://www.imdb.com/title/tt0463034/?ref_=fn_tt_tt_1,,English,USA,PG-13,,2006,,5.6,1.85,
,,,133,,,,22000,75605492,,Philip Seymour Hoffman,,,,,,,http://www.imdb.com/title/tt1210166/?ref_=fn_tt_tt_1,,English,USA,PG-13,,2011,,7.6,1.85,
,,,124,,,,19000,75621915,,Scarlett Johansson,,,,,,,http://www.imdb.com/title/tt1389137/?ref_=fn_tt_tt_1,,English,USA,PG,,2011,,7.1,1.85,
,,,128,,,,6000,75888270,,Naomi Watts,,,,,,,http://www.imdb.com/title/tt0377109/?ref_=fn_tt_tt_1,,English,USA,PG-13,,2005,,5.4,1.85,
,,,95,,,,838,76137505,,Julie Walters,,,,,,,http://www.imdb.com/title/tt1109624/?ref_=fn_tt_tt_1,,English,UK,PG,,2014,,7.2,2.35,
,,,122,,,,18000,76261036,,Denzel Washington,,,,,,,http://www.imdb.com/title/tt0139654/?ref_=fn_tt_tt_1,,English,USA,R,,2001,,7.7,2.35,
,,,,12000,,,,76400000,,,,,,,,,,,,,PG,17000000,1984,,,,0
,,,114,,,,12000,78745923,,Nicolas Cage,,,,,,,http://www.imdb.com/title/tt0120632/?ref_=fn_tt_tt_1,,English,Germany,PG-13,,1998,,6.7,2.35,
,,,121,,,,12000,79948113,,Nicolas Cage,,,,,,,http://www.imdb.com/title/tt0448011/?ref_=fn_tt_tt_1,,English,USA,PG-13,,2009,,6.2,2.35,
,,,103,,,,2000,80021740,,Odeya Rush,,,,,,,http://www.imdb.com/title/tt1051904/?ref_=fn_tt_tt_1,,English,USA,PG,,2015,,6.4,2.35,
,,,,154,,,,80050171,,,,,,,,,,,,,PG-13,20000000,2007,,,,0
,,,107,,,,631,80270227,,Alice Greczyn,,,,,,,http://www.imdb.com/title/tt0377818/?ref_=fn_tt_tt_1,,English,USA,PG-13,,2005,,5.1,2.35,
,,,109,,,,426,81022333,,Dylan Walsh,,,,,,,http://www.imdb.com/title/tt0112715/?ref_=fn_tt_tt_1,,English,USA,PG-13,,1995,,5.0,1.85,
,,,,0,,,,81257845,,,,,,,,,,,,,PG-13,35000000,2003,,,,0
,,,139,,,,22000,81292135,,Philip Seymour Hoffman,,,,,,,http://www.imdb.com/title/tt0134119/?ref_=fn_tt_tt_1,,English,USA,R,,1999,,7.3,1.85,
,,,90,,,,1000,81517441,,Bill Duke,,,,,,,http://www.imdb.com/title/tt0120784/?ref_=fn_tt_tt_1,,English,USA,R,,1999,,7.1,2.35,
,,,120,,,,23000,81593527,,Paul Walker,,,,,,,http://www.imdb.com/title/tt0397313/?ref_=fn_tt_tt_1,,English,USA,PG,,2006,,7.3,2.35,
,,,117,,,,12000,81645152,,Norman Reedus,,,,,,,http://www.imdb.com/title/tt0187738/?ref_=fn_tt_tt_1,,English,USA,R,,2002,,6.7,1.85,
,,,,32,,,,82301521,,,,,,,,,,,,,PG,32000000,2005,,,,773
,,,155,,,,18000,82522790,,Keanu Reeves,,,,,,,http://www.imdb.com/title/tt0103874/?ref_=fn_tt_tt_1,,English,USA,R,,1992,,7.5,1.85,
,,,,729,,,,82624961,,,,,,,,,,,,,R,20000000,2011,,,,22000
,,,101,,,,3000,82931301,,Adam Scott,,,,,,,http://www.imdb.com/title/tt0369735/?ref_=fn_tt_tt_1,,English,Germany,PG-13,,2005,,5.5,2.35,
,,,128,,,,2000,83000000,,Demi Moore,,,,,,,http://www.imdb.com/title/tt0109635/?ref_=fn_tt_tt_1,,English,USA,R,,1994,,6.0,2.35,
,,,117,,,,11000,83287363,,Harrison Ford,,,,,,,http://www.imdb.com/title/tt0105112/?ref_=fn_tt_tt_1,,English,USA,R,,1992,,6.9,2.35,
,,,109,,,,982,83906114,,Don Johnson,,,,,,,http://www.imdb.com/title/tt2203939/?ref_=fn_tt_tt_1,,English,USA,PG-13,,2014,,6.0,2.35,
,,,118,,,,33000,84244877,,Ryan Gosling,,,,,,,http://www.imdb.com/title/tt1570728/?ref_=fn_tt_tt_1,,English,USA,PG-13,,2011,,7.4,2.39,
,,,88,,,,1000,84300000,,Mel Blanc,,,,,,,http://www.imdb.com/title/tt0032910/?ref_=fn_tt_tt_1,,English,USA,Approved,,1940,,7.5,1.37,
,,,,265,,,,84518155,,,,,,,,,,,,,R,20000000,2014,,,,11000
,,,,70,,,,86049418,,,,,,,,,,,,,PG-13,17000000,2004,,,,0
,,,109,,,,13000,86208010,,Bill Murray,,,,,,,http://www.imdb.com/title/tt2096672/?ref_=fn_tt_tt_1,,English,USA,PG-13,,2014,,5.7,1.85,
,,,118,,,,1000,87666629,,Lea Thompson,,,,,,,http://www.imdb.com/title/tt0099088/?ref_=fn_tt_tt_1,,English,USA,PG,,1990,,7.4,1.37,
,,,90,,,,22000,87856565,,Philip Seymour Hoffman,,,,,,,http://www.imdb.com/title/tt0343135/?ref_=fn_tt_tt_1,,English,USA,PG-13,,2004,,5.9,1.85,
,,,129,,,,18000,88504640,,Denzel Washington,,,,,,,http://www.imdb.com/title/tt0454848/?ref_=fn_tt_tt_1,,English,USA,R,,2006,,7.6,2.35,
,,,103,,,,970,88625922,,Bill Cobbs,,,,,,,http://www.imdb.com/title/tt1204342/?ref_=fn_tt_tt_1,,English,USA,PG,,2011,,7.1,1.85,
,,,95,,,,14000,88658172,,Bradley Cooper,,,,,,,http://www.imdb.com/title/tt0427229/?ref_=fn_tt_tt_1,,English,USA,PG-13,,2006,,5.6,2.35,
,,,116,,,,287,89138076,,Kelly Rutherford,,,,,,,http://www.imdb.com/title/tt0134084/?ref_=fn_tt_tt_1,,English,USA,R,,2000,,5.5,2.35,
,,,115,,,,14000,89253340,,Liam Neeson,,,,,,,http://www.imdb.com/title/tt2446042/?ref_=fn_tt_tt_1,,English,France,PG-13,,2014,,6.0,2.35,
,,,98,,,,931,89706988,,Erika Christensen,,,,,,,http://www.imdb.com/title/tt0408790/?ref_=fn_tt_tt_1,,English,USA,PG-13,,2005,,6.2,2.35,
,,,107,,,,8000,90353764,,Will Ferrell,,,,,,,http://www.imdb.com/title/tt2561572/?ref_=fn_tt_tt_1,,English,USA,R,,2015,,6.0,1.85,
,,,116,,,,889,90567722,,Robert Forster,,,,,,,http://www.imdb.com/title/tt0183505/?ref_=fn_tt_tt_1,,English,USA,R,,2000,,6.5,1.85,
,,,89,,,,2000,90703745,,Beau Mirchoff,,,,,,,http://www.imdb.com/title/tt0362120/?ref_=fn_tt_tt_1,,English,USA,PG-13,,2006,,5.1,1.85,
,,,126,,,,668,90800000,,Martin Kove,,,,,,,http://www.imdb.com/title/tt0087538/?ref_=fn_tt_tt_1,,English,USA,PG,,1984,,7.2,1.85,
,,,102,,,,2000,90835030,,Olivia Munn,,,,,,,http://www.imdb.com/title/tt2869728/?ref_=fn_tt_tt_1,,English,USA,PG-13,,2016,,5.9,2.35,
,,,124,,,,8000,91030827,,Julia Roberts,,,,,,,http://www.imdb.com/title/tt0120686/?ref_=fn_tt_tt_1,,English,USA,PG-13,,1998,,6.7,2.35,
,,,123,,,,18000,91400000,,Denzel Washington,,,,,,,http://www.imdb.com/title/tt0112740/?ref_=fn_tt_tt_1,,English,USA,R,,1995,,7.3,2.35,
,,,106,,,,14000,91439400,,Liam Neeson,,,,,,,http://www.imdb.com/title/tt2024469/?ref_=fn_tt_tt_1,,English,UK,PG-13,,2014,,7.0,2.35,
,,,111,,,,1000,92001027,,LeVar Burton,,,,,,,http://www.imdb.com/title/tt0117731/?ref_=fn_tt_tt_1,,English,USA,PG-13,,1996,,7.6,2.35,
,,,119,,,,821,92115211,,Bradley Whitford,,,,,,,http://www.imdb.com/title/tt0109446/?ref_=fn_tt_tt_1,,English,USA,PG-13,,1994,,6.7,2.35,
,,,97,,,,11000,93452056,,Morgan Freeman,,,,,,,http://www.imdb.com/title/tt0825232/?ref_=fn_tt_tt_1,,English,USA,PG-13,,2007,,7.4,1.85,
,,,102,,,,8000,93607673,,Julia Roberts,,,,,,,http://www.imdb.com/title/tt0265029/?ref_=fn_tt_tt_1,,English,USA,PG-13,,2001,,5.7,2.35,
,,,105,,,,5000,93815117,,Bob Hoskins,,,,,,,http://www.imdb.com/title/tt0252076/?ref_=fn_tt_tt_1,,English,USA,PG-13,,2002,,5.1,2.35,
,,,129,,,,97,93952276,,Carmen Perez,,,,,,,http://www.imdb.com/title/tt1001508/?ref_=fn_tt_tt_1,,English,USA,PG-13,,2009,,6.4,2.35,
,,,123,,,,11000,94125426,,Meryl Streep,,,,,,,http://www.imdb.com/title/tt1135503/?ref_=fn_tt_tt_1,,English,USA,PG-13,,2009,,7.0,1.85,
,,,,67,,,,94497271,,,,,,,,,,,,,PG,20000000,2008,,,,0
,,,128,,,,11000,95001343,,Harrison Ford,,,,,,,http://www.imdb.com/title/tt0453562/?ref_=fn_tt_tt_1,,English,USA,PG-13,,2013,,7.5,2.35,
,,,,126,,,,95001351,,,,,,,,,,,,,PG-13,18000000,2001,,,,0
,,,113,,,,11000,95149435,,Anne Hathaway,,,,,,,http://www.imdb.com/title/tt0368933/?ref_=fn_tt_tt_1,,English,USA,G,,2004,,5.7,1.85,
,,,112,,,,17000,95308367,,Kristen Stewart,,,,,,,http://www.imdb.com/title/tt0258000/?ref_=fn_tt_tt_1,,English,USA,R,,2002,,6.8,2.35,
,,,157,,,,1000,95720716,,Jennifer Ehle,,,,,,,http://www.imdb.com/title/tt1790885/?ref_=fn_tt_tt_1,,English,USA,R,,2012,,7.4,1.85,
,,,120,,,,10000,96917897,,Andrew Garfield,,,,,,,http://www.imdb.com/title/tt1285016/?ref_=fn_tt_tt_1,,English,USA,PG-13,,2010,,7.7,2.35,
,,,104,,,,14000,97680195,,Bradley Cooper,,,,,,,http://www.imdb.com/title/tt1068680/?ref_=fn_tt_tt_1,,English,USA,PG-13,,2008,,6.8,2.35,
,,,101,,,,15000,98711404,,Mila Kunis,,,,,,,http://www.imdb.com/title/tt1279935/?ref_=fn_tt_tt_1,,English,USA,PG-13,,2010,,6.3,2.35,
,,,,52,,,,100292856,,,,,,,,,,,,,R,20000000,2011,,,,16000
,,,100,,,,795,100328194,,Eric Idle,,,,,,,http://www.imdb.com/title/tt0112642/?ref_=fn_tt_tt_1,,English,USA,PG,,1995,,6.0,1.85,
,,,141,,,,18000,100768056,,Denzel Washington,,,,,,,http://www.imdb.com/title/tt0107798/?ref_=fn_tt_tt_1,,English,USA,PG-13,,1993,,6.5,2.35,
,,,132,,,,18000,101530738,,Denzel Washington,,,,,,,http://www.imdb.com/title/tt0455944/?ref_=fn_tt_tt_1,,English,USA,R,,2014,,7.2,2.35,
,,,93,,,,14000,101702060,,Josh Hutcherson,,,,,,,http://www.imdb.com/title/tt0373051/?ref_=fn_tt_tt_1,,English,USA,PG,,2008,,5.8,1.85,
,,,134,,,,1000,102310175,,Javier Botet,,,,,,,http://www.imdb.com/title/tt3065204/?ref_=fn_tt_tt_1,,English,USA,R,,2016,,7.8,2.35,
,,,,82,,,,102922376,,,,,,,,,,,,,PG,20000000,1978,,,,0
,,,,0,,,,103001286,,,,,,,,,,,,,R,15000000,1996,,,,11000
,,,105,,,,678,103738726,,Charlie Korsmo,,,,,,,http://www.imdb.com/title/tt0099422/?ref_=fn_tt_tt_1,,English,USA,PG,,1990,,6.1,1.85,
,,,74,,,,3000,104354205,,Alyson Hannigan,,,,,,,http://www.imdb.com/title/tt0328828/?ref_=fn_tt_tt_1,,English,USA,R,,2003,,6.3,2.35,
,,,92,,,,3000,105263257,,Brendan Fraser,,,,,,,http://www.imdb.com/title/tt0119190/?ref_=fn_tt_tt_1,,English,USA,PG,,1997,,5.4,1.85,
,,,123,,,,11000,105264608,,Brad Pitt,,,,,,,http://www.imdb.com/title/tt0110148/?ref_=fn_tt_tt_1,,English,USA,R,,1994,,7.6,1.85,
,,,116,,,,11000,105807520,,Matthew McConaughey,,,,,,,http://www.imdb.com/title/tt0251127/?ref_=fn_tt_tt_1,,English,USA,PG-13,,2003,,6.4,1.85,
,,,84,,,,579,106793915,,Imelda Staunton,,,,,,,http://www.imdb.com/title/tt0120630/?ref_=fn_tt_tt_1,,English,UK,G,,2000,,7.0,1.85,
,,,109,,,,545,106807667,,Candice Bergen,,,,,,,http://www.imdb.com/title/tt0212346/?ref_=fn_tt_tt_1,,English,USA,PG-13,,2000,,6.2,1.85,
,,,134,,,,15000,107100855,,Tom Hanks,,,,,,,http://www.imdb.com/title/tt1535109/?ref_=fn_tt_tt_1,,English,USA,PG-13,,2013,,7.9,2.35,
,,,128,,,,15000,107458785,,Tom Hanks,,,,,,,http://www.imdb.com/title/tt0104694/?ref_=fn_tt_tt_1,,English,USA,PG,,1992,,7.2,2.35,
,,,116,,,,593,108200000,,Margot Kidder,,,,,,,http://www.imdb.com/title/tt0081573/?ref_=fn_tt_tt_1,,English,USA,PG,,1980,,6.8,2.35,
,,,149,,,,18000,108706165,,Kevin Spacey,,,,,,,http://www.imdb.com/title/tt0117913/?ref_=fn_tt_tt_1,,English,USA,R,,1996,,7.4,2.35,
,,,84,,,,807,110000082,,Regina Hall,,,,,,,http://www.imdb.com/title/tt0306047/?ref_=fn_tt_tt_1,,English,USA,PG-13,,2003,,5.5,1.85,
,,,125,,,,14000,110476776,,Bradley Cooper,,,,,,,http://www.imdb.com/title/tt0817230/?ref_=fn_tt_tt_1,,English,USA,PG-13,,2010,,5.7,1.85,
,,,84,,,,13000,111760631,,Sylvester Stallone,,,,,,,http://www.imdb.com/title/tt0338459/?ref_=fn_tt_tt_1,,English,USA,PG,,2003,,4.1,1.85,
,,,95,,,,14000,113006880,,Vin Diesel,,,,,,,http://www.imdb.com/title/tt0395699/?ref_=fn_tt_tt_1,,English,Canada,PG,,2005,,5.5,2.35,
,,,,545,,,,114968774,,,,,,,,,,,,,PG,18000000,1988,,,,0
,,,137,,,,769,115603980,,Finn Wittrock,,,,,,,http://www.imdb.com/title/tt1809398/?ref_=fn_tt_tt_1,,English,USA,PG-13,,2014,,7.2,2.35,
,,,124,,,,8000,116006080,,Julia Roberts,,,,,,,http://www.imdb.com/title/tt0125439/?ref_=fn_tt_tt_1,,English,UK,PG-13,,1999,,7.0,2.35,
,,,110,,,,1000,116724075,,Mekhi Phifer,,,,,,,http://www.imdb.com/title/tt0298203/?ref_=fn_tt_tt_1,,English,USA,R,,2002,,7.0,2.35,
,,,105,,,,984,116735231,,Bruce Greenwood,,,,,,,http://www.imdb.com/title/tt0150377/?ref_=fn_tt_tt_1,,English,USA,R,,1999,,6.4,2.35,
,,,,79,,,,117224271,,,,,,,,,,,,,R,20000000,2010,,,,0
,,,108,,,,1000,118500000,,Lea Thompson,,,,,,,http://www.imdb.com/title/tt0096874/?ref_=fn_tt_tt_1,,English,USA,PG,,1989,,7.8,1.85,
,,,106,,,,4000,118683135,,Jon Favreau,,,,,,,http://www.imdb.com/title/tt0452594/?ref_=fn_tt_tt_1,,English,USA,PG-13,,2006,,5.8,1.85,
,,,,55,,,,119938730,,,,,,,,,,,,,PG-13,18000000,1994,,,,0
,,,,122,,,,121697350,,,,,,,,,,,,,PG-13,20000000,1992,,,,0
,,,190,,,,599,124107476,,Michael O'Neill,,,,,,,http://www.imdb.com/title/tt0181865/?ref_=fn_tt_tt_1,,English,USA,R,,2000,,7.6,1.85,
,,,121,,,,480,125069696,,Jerry Ferrara,,,,,,,http://www.imdb.com/title/tt1091191/?ref_=fn_tt_tt_1,,English,USA,R,,2013,,7.6,2.35,
,,,131,,,,8000,125548685,,Julia Roberts,,,,,,,http://www.imdb.com/title/tt0195685/?ref_=fn_tt_tt_1,,English,USA,R,,2000,,7.3,1.85,
,,,107,,,,12000,126088877,,Dwayne Johnson,,,,,,,http://www.imdb.com/title/tt1489889/?ref_=fn_tt_tt_1,,English,USA,PG-13,,2016,,6.6,2.35,
,,,96,,,,12000,126203320,,Steve Buscemi,,,,,,,http://www.imdb.com/title/tt0280590/?ref_=fn_tt_tt_1,,English,USA,PG-13,,2002,,5.8,1.85,
,,,89,,,,19000,126546825,,Scarlett Johansson,,,,,,,http://www.imdb.com/title/tt2872732/?ref_=fn_tt_tt_1,,English,France,R,,2014,,6.4,2.35,
,,,105,,,,8000,126805112,,Julia Roberts,,,,,,,http://www.imdb.com/title/tt0119738/?ref_=fn_tt_tt_1,,English,USA,PG-13,,1997,,6.3,2.35,
,,,112,,,,1000,126975169,,Joel Courtney,,,,,,,http://www.imdb.com/title/tt1650062/?ref_=fn_tt_tt_1,,English,USA,PG-13,,2011,,7.1,2.35,
,,,125,,,,40000,127997349,,Johnny Depp,,,,,,,http://www.imdb.com/title/tt2180411/?ref_=fn_tt_tt_1,,English,USA,PG,,2014,,6.0,2.39,
,,,,14000,,,,128300000,,,,,,,,,,,,,PG,19400870,1977,,,,0
,,,,119,,,,128505958,,,,,,,,,,,,,R,18000000,2006,,,,0
,,,95,,,,851,128769345,,Jada Pinkett Smith,,,,,,,http://www.imdb.com/title/tt0117218/?ref_=fn_tt_tt_1,,English,USA,PG-13,,1996,,5.6,1.85,
,,,91,,,,924,130512915,,Jonathan Winters,,,,,,,http://www.imdb.com/title/tt0109813/?ref_=fn_tt_tt_1,,English,USA,PG,,1994,,4.8,1.33,
,,,,438,,,,130727000,,,,,,,,,,,,,R,19000000,1991,,,,40000
,,,,737,,,,132088910,,,,,,,,,,,,,R,21000000,2012,,,,117000
,,,,163,,,,132541238,,,,,,,,,,,,,PG-13,33000000,2003,,,,800
,,,188,,,,10000,134218018,,Marlon Brando,,,,,,,http://www.imdb.com/title/tt0078346/?ref_=fn_tt_tt_1,,English,USA,PG,,1978,,7.3,2.35,
,,,115,,,,49000,135014968,,Robin Williams,,,,,,,http://www.imdb.com/title/tt0129290/?ref_=fn_tt_tt_1,,English,USA,PG-13,,1998,,6.7,2.35,
,,,130,,,,1000,136019448,,Clea DuVall,,,,,,,http://www.imdb.com/title/tt1024648/?ref_=fn_tt_tt_1,,English,USA,R,,2012,,7.7,2.35,
,,,,0,,,,137387272,,,,,,,,,,,,,R,20000000,2013,,,,131000
,,,109,,,,17000,138447667,,Channing Tatum,,,,,,,http://www.imdb.com/title/tt1232829/?ref_=fn_tt_tt_1,,English,USA,R,,2012,,7.2,2.35,
,,,94,,,,3000,138614544,,Tom Welling,,,,,,,http://www.imdb.com/title/tt0349205/?ref_=fn_tt_tt_1,,English,USA,PG,,2003,,5.8,1.85,
,,,98,,,,14000,139852971,,Liam Neeson,,,,,,,http://www.imdb.com/title/tt1397280/?ref_=fn_tt_tt_1,,English,France,PG-13,,2012,,6.3,2.35,
,,,84,,,,23000,141600000,,Christian Bale,,,,,,,http://www.imdb.com/title/tt0114148/?ref_=fn_tt_tt_1,,English,USA,G,,1995,,6.6,1.78,
,,,108,,,,14000,143704210,,Colin Firth,,,,,,,http://www.imdb.com/title/tt0795421/?ref_=fn_tt_tt_1,,English,USA,PG-13,,2008,,6.3,2.35,
,,,139,,,,625,147637474,,Lupe Ontiveros,,,,,,,http://www.imdb.com/title/tt0119822/?ref_=fn_tt_tt_1,,English,USA,PG-13,,1997,,7.7,1.85,
,,,,89,,,,150056505,,,,,,,,,,,,,R,18000000,2014,,,,21000
,,,138,,,,34000,150117807,,Jennifer Lawrence,,,,,,,http://www.imdb.com/title/tt1800241/?ref_=fn_tt_tt_1,,English,USA,R,,2013,,7.3,2.35,
,,,96,,,,8000,150315155,,Will Ferrell,,,,,,,http://www.imdb.com/title/tt1528854/?ref_=fn_tt_tt_1,,English,USA,PG-13,,2015,,6.1,1.85,
,,,96,,,,13000,150415432,,Sylvester Stallone,,,,,,,http://www.imdb.com/title/tt0089880/?ref_=fn_tt_tt_1,,English,USA,R,,1985,,6.4,2.35,
,,,139,,,,10000,153620822,,Tom Cruise,,,,,,,http://www.imdb.com/title/tt0116695/?ref_=fn_tt_tt_1,,English,USA,R,,1996,,7.3,1.85,
,,,,12000,,,,153665036,,,,,,,,,,,,,R,28000000,1987,,,,0
,,,154,,,,10000,158348400,,Tom Cruise,,,,,,,http://www.imdb.com/title/tt0106918/?ref_=fn_tt_tt_1,,English,USA,R,,1993,,6.8,1.85,
,,,123,,,,975,159578352,,Michael Rapaport,,,,,,,http://www.imdb.com/title/tt2404463/?ref_=fn_tt_tt_1,,English,USA,R,,2013,,6.6,2.35,
,,,117,,,,10000,162586036,,Will Smith,,,,,,,http://www.imdb.com/title/tt0454921/?ref_=fn_tt_tt_1,,English,USA,PG-13,,2006,,8.0,2.35,
,,,95,,,,18000,162792677,,Kevin Spacey,,,,,,,http://www.imdb.com/title/tt0120623/?ref_=fn_tt_tt_1,,English,USA,G,,1998,,7.2,2.35,
,,,108,,,,16000,163947053,,Ryan Reynolds,,,,,,,http://www.imdb.com/title/tt1041829/?ref_=fn_tt_tt_1,,English,USA,PG-13,,2009,,6.7,2.35,
,,,141,,,,29000,164435221,,Leonardo DiCaprio,,,,,,,http://www.imdb.com/title/tt0264464/?ref_=fn_tt_tt_1,,English,USA,PG-13,,2002,,8.0,1.85,
,,,155,,,,25000,165500000,,Alan Rickman,,,,,,,http://www.imdb.com/title/tt0102798/?ref_=fn_tt_tt_1,,English,USA,PG-13,,1991,,6.9,1.85,
,,,129,,,,1000,166147885,,Jennifer Ehle,,,,,,,http://www.imdb.com/title/tt2322441/?ref_=fn_tt_tt_1,,English,USA,R,,2015,,4.1,2.35,
,,,108,,,,22000,166225040,,Robert De Niro,,,,,,,http://www.imdb.com/title/tt0212338/?ref_=fn_tt_tt_1,,English,USA,PG-13,,2000,,7.0,1.85,
,,,,0,,,,173585516,,,,,,,,,,,,,PG,18000000,1992,,,,0
,,,118,,,,10000,177575142,,Will Smith,,,,,,,http://www.imdb.com/title/tt0386588/?ref_=fn_tt_tt_1,,English,USA,PG-13,,2005,,6.6,2.35,
,,,86,,,,509,181395380,,Maura Tierney,,,,,,,http://www.imdb.com/title/tt0119528/?ref_=fn_tt_tt_1,,English,USA,PG-13,,1997,,6.8,1.85,
,,,130,,,,11000,183875760,,Harrison Ford,,,,,,,http://www.imdb.com/title/tt0106977/?ref_=fn_tt_tt_1,,English,USA,PG-13,,1993,,7.8,1.85,
,,,,0,,,,184208848,,,,,,,,,,,,,PG-13,22000000,1990,,,,0
,,,,308,,,,191449475,,,,,,,,,,,,,PG-13,37000000,2008,,,,19000
,,,112,,,,17000,191616238,,Channing Tatum,,,,,,,http://www.imdb.com/title/tt2294449/?ref_=fn_tt_tt_1,,English,USA,R,,2014,,7.1,2.35,
,,,127,,,,11000,197171806,,Harrison Ford,,,,,,,http://www.imdb.com/title/tt0097576/?ref_=fn_tt_tt_1,,English,USA,PG-13,,1989,,8.3,2.35,
,,,,0,,,,210609762,,,,,,,,,,,,,PG,19000000,1985,,,,39000
,,,92,,,,1000,217326336,,Jesse McCartney,,,,,,,http://www.imdb.com/title/tt0952640/?ref_=fn_tt_tt_1,,English,USA,PG,,2007,,5.2,1.85,
,,,112,,,,15000,218628680,,Mila Kunis,,,,,,,http://www.imdb.com/title/tt1637725/?ref_=fn_tt_tt_1,,English,USA,R,,2012,,7.0,1.85,
,,,,14000,,,,242374454,,,,,,,,,,,,,PG,18000000,1981,,,,16000
,,,90,,,,145,267652016,,Kathleen Freeman,,,,,,,http://www.imdb.com/title/tt0126029/?ref_=fn_tt_tt_1,,English,USA,PG,,2001,,7.9,1.85,
,,,107,,,,13000,293501675,,Bruce Willis,,,,,,,http://www.imdb.com/title/tt0167404/?ref_=fn_tt_tt_1,,English,USA,PG-13,,1999,,8.1,1.85,
,,,130,,,,21000,296623634,,Robert Pattinson,,,,,,,http://www.imdb.com/title/tt1259571/?ref_=fn_tt_tt_1,,English,USA,PG-13,,2009,,4.6,2.35,
,,,142,,,,15000,329691196,,Tom Hanks,,,,,,,http://www.imdb.com/title/tt0109830/?ref_=fn_tt_tt_1,,English,USA,PG-13,,1994,,8.8,2.35,
,,,133,,,,14000,350123553,,Bradley Cooper,,,,,,,http://www.imdb.com/title/tt2179136/?ref_=fn_tt_tt_1,,English,USA,R,,2014,,7.3,2.35,
