director_name,num_critic_for_reviews,duration,director_facebook_likes,actor_3_facebook_likes,actor_1_facebook_likes,gross,movie_title,cast_total_facebook_likes,actor_3_name,plot_keywords,movie_imdb_link,num_user_for_reviews,title_year,actor_2_facebook_likes,imdb_score
Terence Davies,96,135,25,553,902,3041803,The House of Mirth ,2735,Elizabeth McGovern,high society|love|money|reputation|wealth,http://www.imdb.com/title/tt0200720/?ref_=fn_tt_tt_1,181,2000,576,7.1
Harley Cokeliss,27,92,4,311,754,3060858,Malone ,1891,Dennis Burkley,assassin|box office flop|cia|farmer|power,http://www.imdb.com/title/tt0093483/?ref_=fn_tt_tt_1,37,1987,324,5.6
Victor Salva,44,120,108,400,634,1055654,Peaceful Warrior ,2673,Agnes Bruckner,college|college athlete|comeback|gymnast|olympics,http://www.imdb.com/title/tt0438315/?ref_=fn_tt_tt_1,175,2006,436,7.3
Tom Brady,49,97,105,269,982,2331318,Bucky Larson: Born to Be a Star ,2603,Nicholas Turturro,diner|eating a banana|masturbation|porn star|shooting a pornographic movie,http://www.imdb.com/title/tt1411664/?ref_=fn_tt_tt_1,64,2011,503,3.3
Spike Lee,57,135,0,851,1000,2185266,Bamboozled ,4266,Jada Pinkett Smith,actor|minstrel show|protest|success|writer,http://www.imdb.com/title/tt0215545/?ref_=fn_tt_tt_1,186,2000,975,6.5
Jason Zada,185,93,4,4,533,26583369,The Forest ,578,Gen Seto,forest|japan|suicide|suicide forest|supernatural,http://www.imdb.com/title/tt3387542/?ref_=fn_tt_tt_1,127,2016,35,4.8
Franklin J. Schaffner,2,118,76,249,902,800000,Sphinx ,2079,John Gielgud,bat|curse|egyptologist|mummy|murder,http://www.imdb.com/title/tt0083113/?ref_=fn_tt_tt_1,21,1981,488,5.2
Noah Baumbach,270,97,387,64,6000,7574066,While We're Young ,6322,Dree Hemingway,documentary filmmaker|documentary filmmaking|father in law|generation z|hipster,http://www.imdb.com/title/tt1791682/?ref_=fn_tt_tt_1,96,2014,139,6.3
Chris Weitz,94,98,129,221,749,1754319,A Better Life ,2214,Robert Peters,gang|gardener|money|police|truck,http://www.imdb.com/title/tt1554091/?ref_=fn_tt_tt_1,81,2011,252,7.2
David Cronenberg,157,98,0,258,530,1641788,Spider ,1381,Lynn Redgrave,halfway house|key|reality|schizophrenia|spider,http://www.imdb.com/title/tt0278731/?ref_=fn_tt_tt_1,213,2002,387,6.8
Eric Blakeney,49,101,3,826,14000,1631839,Gun Shy ,17665,Mitch Pileggi,colombian|enema|group therapy|murder|nurse,http://www.imdb.com/title/tt0171356/?ref_=fn_tt_tt_1,91,2000,1000,5.7
Douglas McGrath,80,132,41,1000,16000,1309849,Nicholas Nickleby ,29177,Jim Broadbent,boy|boys' school|death|friend|orphan,http://www.imdb.com/title/tt0309912/?ref_=fn_tt_tt_1,103,2002,11000,7.2
Ariel Vromen,221,106,34,683,11000,1939441,The Iceman ,23187,Robert Davi,based on true story|contract killer|crime family|murder of a girl|serial murderer,http://www.imdb.com/title/tt1491044/?ref_=fn_tt_tt_1,144,2012,11000,6.9
,53,55,,2,20,447093,Dekalog             ,25,Olgierd Lukaszewicz,meaning of life|moral challenge|morality|search for meaning|ten commandments,http://www.imdb.com/title/tt0092337/?ref_=fn_tt_tt_1,37,,3,9.1
Rakesh Roshan,20,168,53,45,307,,Krrish ,616,Sharat Saxena,breaking the fourth wall|breaking the fourth wall by talking to the audience|computer|mask|singapore,http://www.imdb.com/title/tt0432637/?ref_=fn_tt_tt_1,110,2006,200,6.3
John Waters,90,87,0,503,975,1276984,Cecil B. DeMented ,3059,Kevin Nealon,actress|drive in|female protagonist|movie star|woman shot in the forehead,http://www.imdb.com/title/tt0173716/?ref_=fn_tt_tt_1,150,2000,537,6.2
William Friedkin,376,98,607,251,11000,1987762,Killer Joe ,11853,Carol Sutton,female nudity|female pubic hair|lingerie|neo noir|pubic hair,http://www.imdb.com/title/tt1726669/?ref_=fn_tt_tt_1,216,2011,414,6.7
Derrick Borte,144,96,17,688,2000,1474508,The Joneses ,4607,Robert Pralgo,envy|fake family|gadget|materialism|unhappy marriage,http://www.imdb.com/title/tt1285309/?ref_=fn_tt_tt_1,88,2009,989,6.5
Richard Kwietniowski,82,104,23,232,22000,1011054,Owning Mahowny ,23513,Maury Chaykin,bank|bank fraud|bank manager|gambling|toronto,http://www.imdb.com/title/tt0285861/?ref_=fn_tt_tt_1,83,2003,893,7.2
Bob Odenkirk,51,93,0,622,966,900926,The Brothers Solomon ,3307,Will Forte,antarctica|coma|neighbor|phd|pregnancy,http://www.imdb.com/title/tt0784972/?ref_=fn_tt_tt_1,46,2007,799,5.3
Kar-Wai Wong,192,95,0,20,20000,866778,My Blueberry Nights ,20364,Adriane Lenox,blueberry pie|diner|nevada|new york city|pie,http://www.imdb.com/title/tt0765120/?ref_=fn_tt_tt_1,117,2007,329,6.7
John Turturro,36,119,0,54,816,836641,Illuminata ,1585,George DiCenzo,critic|new york|new york city|playwright|theater critic,http://www.imdb.com/title/tt0120709/?ref_=fn_tt_tt_1,40,1998,623,6.2
Guy Ritchie,71,89,0,119,990,598645,Swept Away ,2006,David Thornton,island|sailor|storm|stranded|vacation,http://www.imdb.com/title/tt0291502/?ref_=fn_tt_tt_1,215,2002,711,3.6
Joshua Seftel,79,107,0,91,603,578527,"War, Inc. ",988,Ned Bellamy,assassin|corporation|pop star|reporter|satire,http://www.imdb.com/title/tt0884224/?ref_=fn_tt_tt_1,112,2008,175,5.7
Stephen Chow,246,85,0,51,478,488872,Shaolin Soccer ,700,Kwok-Kwan Chan,cult film|kung fu|martial arts|shaolin|soccer,http://www.imdb.com/title/tt0286112/?ref_=fn_tt_tt_1,243,2001,83,7.3
Vincent Gallo,115,93,787,0,787,365734,The Brown Bunny ,883,Anna Vareschi,boyfriend girlfriend relationship|erection|female frontal nudity|gang rape|prostitute,http://www.imdb.com/title/tt0330099/?ref_=fn_tt_tt_1,226,2003,96,5.0
Claude Chabrol,34,101,324,28,678,231417,The Swindle ,1256,Michel Serrault,con|con artist|money|scam|sils maria,http://www.imdb.com/title/tt0120018/?ref_=fn_tt_tt_1,21,1997,541,6.6
Jon Stewart,129,103,593,241,374,3093491,Rosewater ,1283,Haluk Bilginer,based on true story|hijab|journalism|prison|reference to mahmoud ahmedinejad,http://www.imdb.com/title/tt2752688/?ref_=fn_tt_tt_1,37,2014,362,6.6
Bigas Luna,22,101,163,34,837,244465,The Chambermaid on the Titanic ,1019,Romane Bohringer,foundry|foundry worker|french|friend|titanic,http://www.imdb.com/title/tt0129923/?ref_=fn_tt_tt_1,14,1997,130,6.8
Ralph Fiennes,196,123,0,131,18000,756452,Coriolanus ,18652,Lubna Azabal,modern day adaptation|reference to william shakespeare|shakespeare in modern dress|shakespeare play|shakespeare's coriolanus,http://www.imdb.com/title/tt1372686/?ref_=fn_tt_tt_1,118,2011,451,6.2
Dan Harris,73,111,24,83,374,228524,Imaginary Heroes ,768,Larry Fessenden,cat|christmas song|lawn mowing|leave of absence|medication,http://www.imdb.com/title/tt0373024/?ref_=fn_tt_tt_1,56,2004,181,7.3
Mel Smith,43,86,302,428,893,226792,High Heels and Low Lifes ,3049,Mary McCormack,attempted murder|blackmail|diver's watch|nurse|satire,http://www.imdb.com/title/tt0253126/?ref_=fn_tt_tt_1,44,2001,798,6.2
Bobcat Goldthwait,129,99,800,334,49000,221210,World's Greatest Dad ,50542,Henry Simmons,black comedy|fictional talk show|high school teacher|phony suicide note|teacher,http://www.imdb.com/title/tt1262981/?ref_=fn_tt_tt_1,129,2009,640,6.9
Christopher Smith,200,90,76,345,798,136432,Severance ,2217,Laura Harris,blood splatter|eastern europe|female nudity|pine forest|team building,http://www.imdb.com/title/tt0464196/?ref_=fn_tt_tt_1,194,2006,769,6.6
Stuart Gordon,79,82,216,885,1000,131617,Edmond ,5761,Jeffrey Combs,bipolar disorder|sodomy|stabbing|street life|violence,http://www.imdb.com/title/tt0443496/?ref_=fn_tt_tt_1,119,2005,922,6.3
Jake Scott,112,110,26,146,17000,152857,Welcome to the Rileys ,18236,Kerry Cahill,businessman|prostitute|street|stripper|travel,http://www.imdb.com/title/tt1183923/?ref_=fn_tt_tt_1,56,2010,793,7.0
Alan Metter,17,83,3,421,16000,126247,Police Academy: Mission to Moscow ,17469,G.W. Bailey,captain|commandant|mafia|russian mafia|security system,http://www.imdb.com/title/tt0110857/?ref_=fn_tt_tt_1,103,1994,542,3.3
Jeb Stuart,20,128,11,553,665,82739,Blood Done Sign My Name ,4579,Lee Norris,based on autobiography|based on novel|based on true story|murder|racism,http://www.imdb.com/title/tt1210039/?ref_=fn_tt_tt_1,3,2010,664,6.7
Rafa Lara,12,125,21,36,78,169379,"Cinco de Mayo, La Batalla ",221,William Miller,,http://www.imdb.com/title/tt2553908/?ref_=fn_tt_tt_1,3,2013,61,6.2
Michael Radford,59,97,53,499,962,,Elsa & Fred ,3465,James Brolin,apartment|death of protagonist|follow that car|la dolce vita|love,http://www.imdb.com/title/tt2113659/?ref_=fn_tt_tt_1,18,2014,545,6.5
Arthur Hiller,29,86,71,385,795,15447,An Alan Smithee Film: Burn Hollywood Burn ,2655,Ryan O'Neal,box office flop|critically bashed|director|hollywood|mockumentary,http://www.imdb.com/title/tt0118577/?ref_=fn_tt_tt_1,85,1997,474,3.5
Michael Meredith,23,91,7,875,12000,19348,The Open Road ,16118,Ted Danson,american south|baseball|farmland|motel|road trip,http://www.imdb.com/title/tt1007018/?ref_=fn_tt_tt_1,11,2009,3000,5.5
Julio DePietro,22,90,0,617,806,100503,The Good Guy ,3124,Aaron Yoo,book club|cheating boyfriend|job promotion|manhattan new york city|new york city,http://www.imdb.com/title/tt1247662/?ref_=fn_tt_tt_1,20,2009,690,5.9
Katherine Dieckmann,43,90,8,495,1000,92900,Motherhood ,3146,Anthony Edwards,birthday|birthday party|delivery man|mother|neighbor,http://www.imdb.com/title/tt1220220/?ref_=fn_tt_tt_1,23,2009,893,4.7
William Dear,16,94,50,422,835,140987,Free Style ,2519,Sandra Echeverría,,http://www.imdb.com/title/tt1128071/?ref_=fn_tt_tt_1,4,2008,632,4.2
Kim Farrant,84,112,93,51,147,,Strangerland ,285,Sean Keenan,australian|desert|mother daughter relationship|mother son relationship|promiscuity,http://www.imdb.com/title/tt2325977/?ref_=fn_tt_tt_1,57,2015,52,5.2
Marcus Raboy,4,85,7,240,706,,The Janky Promoters ,1936,Glenn Plummer,bigger dreams|concert promoter|hotel maid|pep talk|rap concert,http://www.imdb.com/title/tt1210071/?ref_=fn_tt_tt_1,10,2009,405,5.2
Scott Marshall,20,93,7,611,906,5561,Blonde Ambition ,4725,Larry Miller,boss|business|career|confidence|female protagonist,http://www.imdb.com/title/tt0887719/?ref_=fn_tt_tt_1,34,2007,848,3.9
Álex de la Iglesia,71,104,275,102,439,3607,The Oxford Murders ,940,Danny Sapani,landlady|lecture|murder|oxford university|symbol,http://www.imdb.com/title/tt0488604/?ref_=fn_tt_tt_1,94,2008,161,6.1
Andrew Traucki,102,94,10,72,122,,The Reef ,375,Adrienne Pickering,boat|great white shark|killing an animal|shark|underwater,http://www.imdb.com/title/tt1320291/?ref_=fn_tt_tt_1,89,2010,109,5.8
Michael Clancy,27,85,0,742,11000,70527,Eulogy ,14656,Kelly Preston,dysfunctional family|family relationships|family reunion|funeral|twin,http://www.imdb.com/title/tt0349416/?ref_=fn_tt_tt_1,68,2004,826,6.7
Patrick Lussier,62,99,71,126,298,,White Noise 2: The Light ,934,Adrian Holmes,angry spirit|aura|electronic voice phenomena|electronics|near death experience,http://www.imdb.com/title/tt0496436/?ref_=fn_tt_tt_1,82,2007,258,5.7
Robert Adetuyi,5,91,8,111,485,,You Got Served: Beat the World ,964,Chase Armitage,,http://www.imdb.com/title/tt1568139/?ref_=fn_tt_tt_1,11,2011,152,4.5
Kari Skogland,76,117,13,415,5000,,Fifty Dead Men Walking ,7637,Michael McElhatton,1980s|ira|near death experience|title directed by female|what happened to epilogue,http://www.imdb.com/title/tt1097643/?ref_=fn_tt_tt_1,38,2008,2000,6.9
Taedong Park,8,85,0,196,1000,,Jungle Shuffle ,2259,Amanda Troop,,http://www.imdb.com/title/tt2722786/?ref_=fn_tt_tt_1,2,2014,618,4.8
Paul Schrader,75,106,261,520,30000,,Adam Resurrected ,31325,Derek Jacobi,circus|dog|entertainer|holocaust|patient,http://www.imdb.com/title/tt0479341/?ref_=fn_tt_tt_1,31,2008,744,6.3
Benedikt Erlingsson,66,81,4,5,63,11835,Of Horses and Men ,81,Sigríður María Egilsdóttir,barbed wire|barbed wire fence|horse|nature|snowstorm,http://www.imdb.com/title/tt3074732/?ref_=fn_tt_tt_1,7,2013,10,6.9
Gurinder Chadha,31,100,98,95,1000,,It's a Wonderful Afterlife ,2227,Shabana Azmi,afterlife|indian|murder|overweight woman|police,http://www.imdb.com/title/tt1319716/?ref_=fn_tt_tt_1,16,2010,891,5.4
Jason Connery,32,90,110,711,1000,,The Devil's Tomb ,3937,Jason London,desert|mercenary|priest|scientist|war veteran,http://www.imdb.com/title/tt1147687/?ref_=fn_tt_tt_1,60,2009,898,3.8
Vic Sarin,17,116,24,46,183,,Partition ,428,John Light,india|love|muslim|pakistan|sikh,http://www.imdb.com/title/tt0213985/?ref_=fn_tt_tt_1,27,2007,136,7.0
Jim Issa,4,84,5,482,670,,Good Intentions ,2739,Jon Gries,,http://www.imdb.com/title/tt1070781/?ref_=fn_tt_tt_1,3,2010,608,5.2
Jee-woon Kim,152,135,419,7,398,128486,"The Good, the Bad, the Weird ",569,Dal-su Oh,bounty hunter|manchuria|map|train|treasure,http://www.imdb.com/title/tt0901487/?ref_=fn_tt_tt_1,74,2008,149,7.3
Douglas Aarniokoski,129,84,36,899,1000,,Nurse 3D ,4686,Kathleen Turner,carnage|female nudity|purple panties|sexual attraction|shaved labia,http://www.imdb.com/title/tt1913166/?ref_=fn_tt_tt_1,75,2013,948,4.6
William Phillips,15,89,3,499,764,,Gunless ,2876,Dustin Milligan,blacksmith|bounty hunter|duel|gunslinger|wild west,http://www.imdb.com/title/tt1376195/?ref_=fn_tt_tt_1,27,2010,716,6.5
Greg Mottola,248,107,99,452,17000,16025394,Adventureland ,18983,Wendie Malick,amusement park|strong female character|summer job|teen movie|teenager,http://www.imdb.com/title/tt1091722/?ref_=fn_tt_tt_1,220,2009,985,6.8
Andy Garcia,52,144,0,195,786,2483955,The Lost City ,1674,Enrique Murciano,1950s|cuba|cuban flag|fidel castro|havana cuba,http://www.imdb.com/title/tt0343996/?ref_=fn_tt_tt_1,165,2005,228,6.7
Steve Carr,55,98,41,525,723,57176582,Next Friday ,3939,Rolando Molina,african american|flashback|marijuana joint|porn magazine|suburb,http://www.imdb.com/title/tt0195945/?ref_=fn_tt_tt_1,84,2000,706,6.1
Sarik Andreasyan,30,94,9,262,4000,,American Heist ,9432,Akon,bank|critically bashed|heist|mechanic|prison,http://www.imdb.com/title/tt2923316/?ref_=fn_tt_tt_1,42,2014,4000,5.2
Lewis Gilbert,130,117,43,244,742,43100000,You Only Live Twice ,2127,Desmond Llewelyn,faked death|japan|japanese|poison|secret headquarters,http://www.imdb.com/title/tt0062512/?ref_=fn_tt_tt_1,267,1967,462,6.9
Julian Gilbey,29,102,7,1000,31000,,Plastic ,35634,Malese Jow,credit card fraud|lesbian kiss|miami,http://www.imdb.com/title/tt2556874/?ref_=fn_tt_tt_1,12,2014,1000,6.0
Michael Haneke,447,127,0,319,678,225377,Amour ,1557,Jean-Louis Trintignant,aging|daughter|old couple|old love|stroke,http://www.imdb.com/title/tt1602620/?ref_=fn_tt_tt_1,190,2012,432,7.9
Gary Sherman,66,98,17,770,1000,14114488,Poltergeist III ,3827,Zelda Rubinstein,aunt niece relationship|brother sister relationship|building|father daughter relationship|mirror,http://www.imdb.com/title/tt0095889/?ref_=fn_tt_tt_1,114,1988,887,4.5
Valeri Milev,18,88,6,200,557,,Re-Kill ,1702,Jesse Garcia,after dark|after dark horrorfest|fictional tv news show|outbreak,http://www.imdb.com/title/tt1612319/?ref_=fn_tt_tt_1,26,2015,290,5.1
Stanley Kramer,61,197,176,760,924,46300000,"It's a Mad, Mad, Mad, Mad World ",4109,Spencer Tracy,california|desert|dying words|money|race,http://www.imdb.com/title/tt0057193/?ref_=fn_tt_tt_1,344,1963,898,7.6
Pedro Almodóvar,232,121,0,82,148,12899702,Volver ,448,Antonio de la Torre,abusive father|child abuse|death|rape|secret,http://www.imdb.com/title/tt0441909/?ref_=fn_tt_tt_1,228,2006,114,7.6
Gerald Potterton,62,90,0,123,187,,Heavy Metal ,646,Don Francks,anthology|girl|heavy metal|secretary|segments,http://www.imdb.com/title/tt0082509/?ref_=fn_tt_tt_1,147,1981,176,6.7
Jared Hess,106,89,100,327,33000,113155,Gentlemen Broncos ,34398,Héctor Jiménez,amateur film|sexual harassment|sexual innuendo|small town|struggling parent,http://www.imdb.com/title/tt1161418/?ref_=fn_tt_tt_1,54,2009,947,6.1
Richard Loncraine,56,104,12,1000,21000,2600000,Richard III ,23962,Kristin Scott Thomas,1930s|abuse of power|england|king|murder,http://www.imdb.com/title/tt0114279/?ref_=fn_tt_tt_1,88,1995,1000,7.5
David Hackl,48,94,43,129,826,,Into the Grizzly Maze ,1586,Luisa D'Oliveira,bear|breasts|female nudity|grizzly|wilderness,http://www.imdb.com/title/tt1694021/?ref_=fn_tt_tt_1,38,2015,476,5.3
Anurag Basu,41,90,116,303,594,1602466,Kites ,1836,Kabir Bedi,casino|desert|love|suicide|tragic event,http://www.imdb.com/title/tt1198101/?ref_=fn_tt_tt_1,106,2010,412,6.0
Lars von Trier,439,130,3000,844,10000,3029870,Melancholia ,15835,Charlotte Rampling,art director|breasts|depression|outdoor sex|riding a horse,http://www.imdb.com/title/tt1527186/?ref_=fn_tt_tt_1,551,2011,4000,7.1
Kriv Stenders,54,92,25,110,509,,Red Dog ,1248,Luke Ford,australian|based on true events|dog|love|search,http://www.imdb.com/title/tt0803061/?ref_=fn_tt_tt_1,80,2011,446,7.5
Yash Chopra,50,176,147,1000,8000,3047539,Jab Tak Hai Jaan ,13762,Vic Waghorn,accident|army|bomb|indian army|love,http://www.imdb.com/title/tt2176013/?ref_=fn_tt_tt_1,286,2012,3000,6.9
Ridley Scott,392,116,0,513,1000,78900000,Alien ,2524,Bolaji Badejo,alien|creature|future|outer space|spaceship,http://www.imdb.com/title/tt0078748/?ref_=fn_tt_tt_1,1110,1979,581,8.5
Tobe Hooper,277,88,365,177,383,30859000,The Texas Chain Saw Massacre ,1094,Marilyn Burns,cannibal|chainsaw|hitchhiker|independent film|leatherface,http://www.imdb.com/title/tt0072271/?ref_=fn_tt_tt_1,826,1974,371,7.5
Floria Sigismondi,259,106,50,741,17000,3571735,The Runaways ,21711,Johnny Lewis,band|box office flop|critically bashed|historically inaccurate|revisionist history,http://www.imdb.com/title/tt1017451/?ref_=fn_tt_tt_1,129,2010,908,6.6
Norman Jewison,66,181,278,51,402,50000000,Fiddler on the Roof ,934,Rosalind Harris,immigration|jewish|pogrom|tradition|tradition versus modernity,http://www.imdb.com/title/tt0067093/?ref_=fn_tt_tt_1,150,1971,343,8.0
Terence Young,129,130,92,177,244,63600000,Thunderball ,1164,Lois Maxwell,domino|fiery redhead|nassau|official james bond series|underwater battle,http://www.imdb.com/title/tt0059800/?ref_=fn_tt_tt_1,275,1965,189,7.0
Joseph Kahn,115,93,33,123,14000,,Detention ,15014,Parker Bagley,blood splatter|detention|high school|overalls|reference to c. thomas howell,http://www.imdb.com/title/tt1701990/?ref_=fn_tt_tt_1,76,2011,383,5.8
Ferzan Ozpetek,81,110,798,16,580,,Loose Cannons ,662,Lunetta Savino,gay|gay friend|grandmother grandson relationship|heart attack|mother son relationship,http://www.imdb.com/title/tt1405810/?ref_=fn_tt_tt_1,29,2010,26,7.3
F. Gary Gray,29,123,473,685,890,36049108,Set It Off ,3661,Blair Underwood,bank|black comedy|main characters killed off|money|robbery,http://www.imdb.com/title/tt0117603/?ref_=fn_tt_tt_1,70,1996,851,6.8
Malcolm D. Lee,32,120,92,862,1000,34074895,The Best Man ,5420,Jarrod Bunch,african american|bachelor party|brooklyn bridge|family relationships|stripper,http://www.imdb.com/title/tt0168501/?ref_=fn_tt_tt_1,79,1999,886,6.7
Tom Holland,142,87,85,118,311,33244684,Child's Play ,760,Dinah Manoff,birthday|doll|murder|serial killer|voodoo,http://www.imdb.com/title/tt0094862/?ref_=fn_tt_tt_1,281,1988,189,6.5
Michael Moore,263,123,909,184,909,24530513,Sicko ,1633,Bill Clinton,canada|cuba|france|guantanamo|hmo,http://www.imdb.com/title/tt0386032/?ref_=fn_tt_tt_1,429,2007,203,8.0
James DeMonaco,285,103,65,908,2000,71519230,The Purge: Anarchy ,6807,Roberta Valderrama,held at gunpoint|machete|masked man|sequel|violence,http://www.imdb.com/title/tt2975578/?ref_=fn_tt_tt_1,244,2014,971,6.5
Kris Isacsson,64,91,0,407,3000,20035310,Down to You ,4409,Shawn Hatosy,artist|cake|college|new york city|student,http://www.imdb.com/title/tt0186975/?ref_=fn_tt_tt_1,173,2000,683,4.9
Danny Leiner,150,88,8,587,982,18225165,Harold & Kumar Go to White Castle ,3114,Paula Garcés,marijuana|police|road trip|stoner|white castle,http://www.imdb.com/title/tt0366551/?ref_=fn_tt_tt_1,316,2004,729,7.1
Rod Lurie,136,126,37,883,12000,17804273,The Contender ,25660,William Petersen,bridge|governor|political thriller|president|vice president,http://www.imdb.com/title/tt0208874/?ref_=fn_tt_tt_1,370,2000,10000,7.0
Ben Younger,132,120,46,701,14000,16938179,Boiler Room ,17336,Herbert Russell,career|casino|judge|stock|stock broker,http://www.imdb.com/title/tt0181984/?ref_=fn_tt_tt_1,246,2000,826,7.0
John Landis,71,116,644,199,392,90400000,Trading Places ,845,Ralph Bellamy,interracial relationship|poverty|prostitute|scam|stock market,http://www.imdb.com/title/tt0086465/?ref_=fn_tt_tt_1,159,1983,249,7.5
Glen Morgan,186,94,17,179,607,16235293,Black Christmas ,1611,Andrea Martin,attic|christmas|house|incest|sorority,http://www.imdb.com/title/tt0454082/?ref_=fn_tt_tt_1,278,2006,318,4.5
Daniel Taplitz,39,85,2,127,911,11827301,Breakin' All the Rules ,1345,Patrick Cranshaw,female to male foot in crotch|lingerie slip|love|mistaken identity|writer,http://www.imdb.com/title/tt0349169/?ref_=fn_tt_tt_1,26,2004,150,5.5
Kenneth Branagh,46,137,0,130,591,10161099,Henry V ,1341,Danny Webb,battle|battle of agincourt|king|shakespeare play|sword and shield,http://www.imdb.com/title/tt0097499/?ref_=fn_tt_tt_1,108,1989,520,7.7
Tamara Jenkins,201,114,84,338,22000,6610326,The Savages ,23770,Gbenga Akinnagbe,arizona|dementia|married man|sun city arizona|writing,http://www.imdb.com/title/tt0775529/?ref_=fn_tt_tt_1,127,2007,929,7.2
Linda Mendoza,32,76,17,571,591,6126237,Chasing Papi ,2851,Maria Conchita Alonso,beauty pageant|bilingual|dating|latino|three women,http://www.imdb.com/title/tt0323572/?ref_=fn_tt_tt_1,41,2003,579,4.8
Christopher McQuarrie,117,119,188,35,187,6047856,The Way of the Gun ,358,Dylan Kussman,criminal|drifter|gangster|money|surrogate mother,http://www.imdb.com/title/tt0202677/?ref_=fn_tt_tt_1,327,2000,127,6.7
Burr Steers,136,99,23,471,1000,4681503,Igby Goes Down ,2478,Bill Irwin,boy|mistress|money|schizophrenic|school,http://www.imdb.com/title/tt0280760/?ref_=fn_tt_tt_1,238,2002,710,7.0
Hart Bochner,15,79,157,219,4000,4350774,PCU ,4908,Chris Young,college|high school senior|meat|protest|university,http://www.imdb.com/title/tt0110759/?ref_=fn_tt_tt_1,52,1994,248,6.5
Michael O. Sajbel,46,114,6,633,970,3420871,The Ultimate Gift ,3824,Mircea Monroe,billionaire|grandfather|playboy|trust fund baby|wealth,http://www.imdb.com/title/tt0482629/?ref_=fn_tt_tt_1,81,2006,906,7.4
,1,30,,140,177,,The Bold and the Beautiful             ,639,Hunter Tylo,beverly hills california|family relationships|los angeles california|soap opera,http://www.imdb.com/title/tt0092325/?ref_=fn_tt_tt_1,54,,170,3.5
Stewart Raffill,41,91,12,297,1000,,The Ice Pirates ,1991,Robert Urich,bar fight|cult film|ice|psychotronic|sword fight,http://www.imdb.com/title/tt0087451/?ref_=fn_tt_tt_1,56,1984,300,5.7
Davis Guggenheim,65,95,49,261,702,2955039,Gracie ,2007,Carly Schroeder,boy|girl|soccer|south orange new jersey|teenager,http://www.imdb.com/title/tt0441007/?ref_=fn_tt_tt_1,27,2007,616,6.2
Bart Freundlich,100,103,38,316,745,1530535,Trust the Man ,1721,Dagmara Dominczyk,actress|lesbianism|manhattan new york city|urination|watching pornography,http://www.imdb.com/title/tt0427968/?ref_=fn_tt_tt_1,63,2005,591,5.7
Andrew Fleming,129,92,26,611,1000,4881867,Hamlet 2 ,3767,David Arquette,gang banger|sequel|shakespeare's hamlet|student|time machine,http://www.imdb.com/title/tt1104733/?ref_=fn_tt_tt_1,76,2008,1000,6.4
Todd Haynes,103,124,162,277,23000,1043487,Velvet Goldmine ,24102,Janet McTeer,1970s|glitter|political cover up|reference to katharine hepburn|reference to spencer tracy,http://www.imdb.com/title/tt0120879/?ref_=fn_tt_tt_1,314,1998,776,7.0
Hong-jin Na,77,156,43,0,45,770629,The Wailing ,50,Woo-hee Chun,policeman|stranger|supernatural|village|vomiting,http://www.imdb.com/title/tt5215952/?ref_=fn_tt_tt_1,24,2016,5,7.7
Kevin Tancharoen,67,84,64,748,2000,11860839,Glee: The 3D Concert Movie ,4617,Kevin McHale,concert|live in concert recording|live performance,http://www.imdb.com/title/tt1922612/?ref_=fn_tt_tt_1,21,2011,892,5.4
Chatrichalerm Yukol,31,300,6,6,7,454255,The Legend of Suriyothai ,32,Mai Charoenpura,16th century|burmese|invasion|queen|thailand,http://www.imdb.com/title/tt0290879/?ref_=fn_tt_tt_1,47,2001,6,6.6
Dario Argento,76,120,930,433,982,349618,Two Evil Eyes ,2942,Sally Kirkland,black cat|cat|evil|photographer|undead,http://www.imdb.com/title/tt0100827/?ref_=fn_tt_tt_1,45,1990,602,6.1
Eric Lavaine,17,98,0,5,186,,Barbecue ,253,Lionel Abelanski,,http://www.imdb.com/title/tt3202120/?ref_=fn_tt_tt_1,1,2014,41,6.1
Mike Leigh,81,121,608,25,149,112935,All or Nothing ,251,Gary McDonald,love|neighbor|single parent|supermarket|working class,http://www.imdb.com/title/tt0286261/?ref_=fn_tt_tt_1,94,2002,44,7.6
Marc Forby,26,97,3,204,679,883887,Princess Kaiulani ,1426,Shaun Evans,hawaii|hawaiian|historically inaccurate|princess|tearing up a letter,http://www.imdb.com/title/tt1185344/?ref_=fn_tt_tt_1,14,2009,537,6.2
Peter Cattaneo,24,86,11,18,185,13751,Opal Dream ,299,Peter Callan,friend|girl|imaginary friend|outback|town,http://www.imdb.com/title/tt0420835/?ref_=fn_tt_tt_1,6,2006,62,6.6
Scott Mann,44,93,8,558,22000,,Heist ,24154,D.B. Sweeney,bus|die hard scenario,http://www.imdb.com/title/tt3276924/?ref_=fn_tt_tt_1,57,2015,1000,6.1
Ole Christian Madsen,80,45,28,104,573,145109,Flame and Citron ,1098,Christian Berkel,danish|double agent|nazi|nazi occupation|resistance,http://www.imdb.com/title/tt0920458/?ref_=fn_tt_tt_1,44,2008,197,7.3
Meiert Avis,41,97,0,230,922,1046166,Undiscovered ,1835,Perrey Reeves,bare chested male|box office flop|diner|german shepherd|one word title,http://www.imdb.com/title/tt0434424/?ref_=fn_tt_tt_1,45,2005,374,4.2
Julian Jarrold,91,102,11,35,10000,,Red Riding: In the Year of Our Lord 1974 ,10369,John Henshaw,ejected from a moving vehicle|gun held to head|handcuffs|shot multiple times|strangulation,http://www.imdb.com/title/tt1259574/?ref_=fn_tt_tt_1,44,2009,281,7.1
André Téchiné,66,105,25,98,963,2874,The Girl on the Train ,1375,Émilie Dequenne,bar mitzvah|lawyer|train|wealth|wrestler,http://www.imdb.com/title/tt1183672/?ref_=fn_tt_tt_1,14,2009,168,6.0
Emily Young,19,103,6,664,4000,,Veronika Decides to Die ,6426,Jonathan Tucker,boyfriend girlfriend relationship|female protagonist|letter of resignation|mental hospital|sex,http://www.imdb.com/title/tt1068678/?ref_=fn_tt_tt_1,42,2009,931,6.5
Peter Faiman,35,93,4,93,442,174635000,Crocodile Dundee ,822,David Gulpilil,australian outback|crocodile|female reporter|journalist|new york city,http://www.imdb.com/title/tt0090555/?ref_=fn_tt_tt_1,93,1986,162,6.5
Martyn Pick,19,76,4,151,722,,"Ultramarines: A Warhammer 40,000 Movie ",1254,Donald Sumpter,grimdark|mutilated corpse|space marine|ultramarines|warhammer 40k,http://www.imdb.com/title/tt1679332/?ref_=fn_tt_tt_1,64,2010,212,5.7
Roland Suso Richter,33,90,3,327,1000,,The I Inside ,2310,Stephen Rea,2000s|hospital|man in a wheelchair|year 2000|year 2002,http://www.imdb.com/title/tt0325596/?ref_=fn_tt_tt_1,57,2004,900,6.1
Jeremy Sims,17,122,8,59,174,,Beneath Hill 60 ,498,Steve Le Marquand,blue clay|diversion|ends with biographical notes|ends with historical notes|tunnel,http://www.imdb.com/title/tt1418646/?ref_=fn_tt_tt_1,39,2010,109,7.1
Maïwenn,163,127,236,68,580,171320,Polisse ,1129,Karin Viard,abusive parent|child molester|child protection|photographer|police,http://www.imdb.com/title/tt1661420/?ref_=fn_tt_tt_1,33,2011,236,7.3
Joby Harold,133,84,8,896,4000,14373825,Awake ,6954,Denis O'Hare,anesthetic|anesthetic awareness|heart|heart surgery|surgery,http://www.imdb.com/title/tt0211933/?ref_=fn_tt_tt_1,196,2007,922,6.5
,47,23,,265,668,,Star Wars: The Clone Wars             ,1484,Tom Kane,begins with narration|female warrior|inbetwequel|jedi knight|war against machines,http://www.imdb.com/title/tt0458290/?ref_=fn_tt_tt_1,73,,296,7.9
Ekachai Uekrongtham,66,96,3,305,2000,162,Skin Trade ,2802,Celina Jade,bangkok thailand|detective|human trafficking|revenge|sex slavery,http://www.imdb.com/title/tt1641841/?ref_=fn_tt_tt_1,38,2014,368,5.7
Joel Schumacher,147,97,541,673,967,32222567,The Lost Boys ,4458,Jason Patric,1980s|california|death|small town|vampire,http://www.imdb.com/title/tt0093437/?ref_=fn_tt_tt_1,339,1987,847,7.2
Scott Cooper,273,112,108,175,12000,39462438,Crazy Heart ,13172,Debrianna Mansini,country music|country western singer|journalist|musician|singer,http://www.imdb.com/title/tt1263670/?ref_=fn_tt_tt_1,226,2009,628,7.3
Mark Rydell,32,125,43,122,563,29200000,The Rose ,1097,Alan Bates,awol|demand|driver|drugs|roses,http://www.imdb.com/title/tt0079826/?ref_=fn_tt_tt_1,52,1979,236,6.9
David E. Talbert,52,96,68,1000,3000,21564616,Baggage Claim ,8097,Boris Kodjoe,woman wearing only a man's shirt,http://www.imdb.com/title/tt1171222/?ref_=fn_tt_tt_1,41,2013,1000,5.0
Roger Vadim,107,98,35,170,949,,Barbarella ,1510,Milo O'Shea,41st century|angel|future|laser gun|space opera,http://www.imdb.com/title/tt0062711/?ref_=fn_tt_tt_1,186,1968,178,5.9
Nils Gaup,6,92,8,3,35,,Shipwrecked ,47,Stian Smestad,boy|island|pirate|ship|treasure,http://www.imdb.com/title/tt0099816/?ref_=fn_tt_tt_1,14,1990,6,6.7
Alexander Payne,175,103,729,133,2000,14879556,Election ,3516,Molly Hagan,female protagonist|high school|self destructiveness|student council president|student government,http://www.imdb.com/title/tt0126886/?ref_=fn_tt_tt_1,441,1999,841,7.3
Mira Nair,167,122,300,341,579,13569248,The Namesake ,1637,Tabu,bengali|india|reference to gogol|train|train crash,http://www.imdb.com/title/tt0433416/?ref_=fn_tt_tt_1,117,2006,405,7.6
Ari Sandel,132,101,17,429,35000,34017854,The DUFF ,36892,Skyler Samuels,cartoon on tv|generation y|high school|overalls|strong female character,http://www.imdb.com/title/tt1666801/?ref_=fn_tt_tt_1,116,2015,966,6.5
Vondie Curtis-Hall,66,104,170,202,736,4273372,Glitter ,1854,Valarie Pettiford,cult film|disc jockey|female protagonist|music business|one word title,http://www.imdb.com/title/tt0118589/?ref_=fn_tt_tt_1,308,2001,218,2.1
Tom Elkins,79,101,14,559,1000,,The Haunting in Connecticut 2: Ghosts of Georgia ,3164,Brad James,daughter|georgia|mother|slave|trailer,http://www.imdb.com/title/tt1457765/?ref_=fn_tt_tt_1,57,2013,907,5.3
Woo-Suk Kang,15,135,0,13,28,,Silmido ,97,Kyung-gu Sol,based on book|based on true story|rape|title spoken by character,http://www.imdb.com/title/tt0387596/?ref_=fn_tt_tt_1,17,2003,15,7.2
Jane Campion,222,119,319,179,2000,4440055,Bright Star ,3279,Samuel Roukin,19th century|friend|john keats|passion|poet,http://www.imdb.com/title/tt0810784/?ref_=fn_tt_tt_1,110,2009,552,7.0
Karan Johar,210,128,160,81,8000,4018695,My Name Is Khan ,8532,Christopher B. Duncan,airport|asperger's syndrome|autism|muslim|racial profiling,http://www.imdb.com/title/tt1188996/?ref_=fn_tt_tt_1,235,2010,327,8.0
Herbert Ross,60,107,71,304,967,80000000,Footloose ,1962,Lori Singer,church|cowboy boots|dancing|high school dance|teenager,http://www.imdb.com/title/tt0087277/?ref_=fn_tt_tt_1,113,1984,455,6.5
J.C. Chandor,346,106,78,,0,6262942,All Is Lost ,0,,boat|container|sea|shipping container|storm,http://www.imdb.com/title/tt2017038/?ref_=fn_tt_tt_1,312,2013,,6.9
John Sayles,46,126,407,39,638,1997807,Limbo ,823,Vanessa Martinez,alaska|island|motorboat|singer|wilderness,http://www.imdb.com/title/tt0164085/?ref_=fn_tt_tt_1,140,1999,107,7.1
Vipul Amrutlal Shah,15,128,11,119,3000,1207007,Namastey London ,4004,Riteish Deshmukh,india|london england|marriage|stereotype|sugarcane,http://www.imdb.com/title/tt0795434/?ref_=fn_tt_tt_1,47,2007,687,7.3
Ken Loach,169,127,644,6,97,1829142,The Wind That Shakes the Barley ,128,Martin Lucey,civil war|colonialism|hatred|independence|rural ireland,http://www.imdb.com/title/tt0460989/?ref_=fn_tt_tt_1,222,2006,8,7.5
Ayan Mukerji,25,160,0,417,964,3827466,Yeh Jawaani Hai Deewani ,2350,Aditya Roy Kapoor,jealousy|jumping into sea|love|swimming pool|wet clothes,http://www.imdb.com/title/tt2178470/?ref_=fn_tt_tt_1,102,2013,551,6.9
John G. Avildsen,81,126,80,225,668,90800000,The Karate Kid ,2004,William Bassett,apartment|bully|fight|karate|master,http://www.imdb.com/title/tt0087538/?ref_=fn_tt_tt_1,235,1984,641,7.2
Mervyn LeRoy,54,171,54,346,440,,Quo Vadis ,1373,Robert Taylor,christian|emperor|general|hostage|nero,http://www.imdb.com/title/tt0043949/?ref_=fn_tt_tt_1,90,1951,426,7.2
Darren Lynn Bousman,147,150,163,636,2000,140244,Repo! The Genetic Opera ,4168,Paul Sorvino,future|murder|opera|repossession|surgery,http://www.imdb.com/title/tt0963194/?ref_=fn_tt_tt_1,259,2008,716,6.7
Serdar Akar,16,122,11,173,205,,Valley of the Wolves: Iraq ,808,Ghassan Massoud,abu ghraib|bomb|christian|explosion|iraq,http://www.imdb.com/title/tt0493264/?ref_=fn_tt_tt_1,159,2006,197,6.0
Quentin Tarantino,215,178,16000,857,13000,107930000,Pulp Fiction ,16557,Phil LaMarr,black comedy|cunnilingus|neo noir|nonlinear timeline|postmodern,http://www.imdb.com/title/tt0110912/?ref_=fn_tt_tt_1,2195,1994,902,8.9
James Frawley,63,95,21,842,1000,76657000,The Muppet Movie ,5673,Dom DeLuise,friend|frog leg|on the road|restaurant|the muppets,http://www.imdb.com/title/tt0079588/?ref_=fn_tt_tt_1,92,1979,985,7.7
Dan Gilroy,534,117,66,85,15000,32279955,Nightcrawler ,15554,James Huang,employer employee relationship|ethics|journalism|sociopath|tv news,http://www.imdb.com/title/tt2872718/?ref_=fn_tt_tt_1,552,2014,241,7.9
Jay Chandrasekhar,66,119,422,422,861,4992159,Club Dread ,3306,Jay Chandrasekhar,beach|island|party|resort|serial killer,http://www.imdb.com/title/tt0331953/?ref_=fn_tt_tt_1,201,2004,499,5.6
Robert Wise,119,174,338,195,354,163214286,The Sound of Music ,1495,Nicholas Hammond,austria|children|governess|love|orchestral music score,http://www.imdb.com/title/tt0059742/?ref_=fn_tt_tt_1,406,1965,209,8.0
Ron Howard,43,111,2000,51,15000,69800000,Splash ,15361,Patrick Cronin,cmnf|cmnf scene|mermaid|new york city|public nudity,http://www.imdb.com/title/tt0088161/?ref_=fn_tt_tt_1,99,1984,161,6.2
Jonathan Dayton,270,101,36,27,7000,59889948,Little Miss Sunshine ,7227,Jill Talley,gay|graduate student|sister sister relationship|sprite|uncle nephew relationship,http://www.imdb.com/title/tt0449059/?ref_=fn_tt_tt_1,889,2006,150,7.9
Rob Reiner,99,89,0,107,217,52287414,Stand by Me ,644,Casey Siemaszko,friendship|summertime|treehouse|walking on train tracks|woods,http://www.imdb.com/title/tt0092005/?ref_=fn_tt_tt_1,584,1986,107,8.1
Danny Boyle,224,113,0,27,133,45063889,28 Days Later... ,241,David Schneider,laboratory|london england|military|virus|zombie apocalypse,http://www.imdb.com/title/tt0289043/?ref_=fn_tt_tt_1,1441,2002,32,7.6
Chris Stokes,58,95,548,360,389,40066497,You Got Served ,1792,Steve Harvey,competition|dance contest|friend|money|street dancing,http://www.imdb.com/title/tt0365957/?ref_=fn_tt_tt_1,247,2004,363,3.5
Don Siegel,53,112,152,459,16000,36500000,Escape from Alcatraz ,17568,Fred Ward,alcatraz|escape|inmate|island|prison,http://www.imdb.com/title/tt0079116/?ref_=fn_tt_tt_1,142,1979,466,7.6
Rick Famuyiwa,37,109,44,458,1000,27362712,Brown Sugar ,3199,Wendell Pierce,basketball|hip hop|rap music|record company|writer,http://www.imdb.com/title/tt0297037/?ref_=fn_tt_tt_1,60,2002,886,6.5
Martin Lawrence,11,108,0,388,585,34746109,A Thin Line Between Love and Hate ,3023,Della Reese,african american|dating|independent film|irreverence|revenge,http://www.imdb.com/title/tt0117891/?ref_=fn_tt_tt_1,14,1996,434,5.6
Jonathan Levine,327,100,129,3000,23000,34963967,50/50 ,39807,Bryce Dallas Howard,best friend|cancer|survival rate|therapist|vomiting,http://www.imdb.com/title/tt1306980/?ref_=fn_tt_tt_1,378,2011,10000,7.7
Masayuki Ochiai,135,90,5,297,449,25926543,Shutter ,1534,Daisy Betts,car accident|japan|newlywed|photograph|photographer,http://www.imdb.com/title/tt0482599/?ref_=fn_tt_tt_1,148,2008,332,5.2
George A. Romero,127,130,0,602,875,,Creepshow ,2662,Adrienne Barbeau,anthology|child abuse|critically acclaimed|death|grindhouse,http://www.imdb.com/title/tt0083767/?ref_=fn_tt_tt_1,211,1982,826,6.9
Tom Gormican,164,94,19,117,363,26049082,That Awkward Moment ,1024,Josh Pais,dating|divorce|father daughter relationship|mother daughter relationship|party,http://www.imdb.com/title/tt1800246/?ref_=fn_tt_tt_1,100,2014,342,6.1
Ken Shapiro,14,93,2,213,484,,Modern Problems ,1455,Mary Kay Place,air traffic controller|nuclear waste|orgasm|telekinesis|voodoo,http://www.imdb.com/title/tt0082763/?ref_=fn_tt_tt_1,48,1981,345,5.0
Justin Tipping,6,80,2,102,861,,Kicks ,1279,Justin Hall,,http://www.imdb.com/title/tt4254584/?ref_=fn_tt_tt_1,6,2016,163,7.8
Kenneth Branagh,41,111,0,591,18000,22551000,Much Ado About Nothing ,37645,Brian Blessed,16th century|bachelor|dishonor|masquerade party|wedding,http://www.imdb.com/title/tt0107616/?ref_=fn_tt_tt_1,165,1993,18000,7.4
Peter R. Hunt,143,142,13,244,803,22800000,On Her Majesty's Secret Service ,1769,Desmond Llewelyn,bond girl|british|mission|portugal|switzerland,http://www.imdb.com/title/tt0064757/?ref_=fn_tt_tt_1,452,1969,314,6.8
,9,60,,460,666,,The Player             ,4043,Jeff Marlow,bet|friend|pit boss|secret|surveillance,http://www.imdb.com/title/tt4474310/?ref_=fn_tt_tt_1,25,,579,7.1
Wes Craven,109,107,0,112,969,18090181,New Nightmare ,1775,Tracy Middendorf,earthquake|elm street|freddy krueger|nightmare|sleep,http://www.imdb.com/title/tt0111686/?ref_=fn_tt_tt_1,271,1994,449,6.4
John Schultz,59,91,13,292,452,17843379,Drive Me Crazy ,1760,Keri Lynn Pratt,centennial|girl|next door neighbor|prom|school,http://www.imdb.com/title/tt0164114/?ref_=fn_tt_tt_1,147,1999,442,5.7
Doug Atchison,95,112,3,268,876,18811135,Akeelah and the Bee ,2832,Tzi Ma,national spelling bee|principal|school principal|spelling|spelling bee,http://www.imdb.com/title/tt0437800/?ref_=fn_tt_tt_1,172,2006,801,7.5
Tamra Davis,40,82,33,475,744,17278980,Half Baked ,2400,Clarence Williams III,bail|diabetic|friend|jail|pharmaceutical lab,http://www.imdb.com/title/tt0120693/?ref_=fn_tt_tt_1,164,1998,503,6.7
Jonas Elmer,121,97,3,631,24000,16699684,New in Town ,25792,Harry Connick Jr.,love|manufacturing|minnesota|plant|small town,http://www.imdb.com/title/tt1095174/?ref_=fn_tt_tt_1,78,2009,827,5.6
Stephen Gaghan,358,128,79,414,13000,50815288,Syriana ,14747,Kayvan Novak,cia|hezbollah|lebanon|oil|prince,http://www.imdb.com/title/tt0365737/?ref_=fn_tt_tt_1,625,2005,903,7.0
Mary Harron,288,102,126,517,23000,15047419,American Psycho ,25462,Samantha Mathis,1980s|business card|male rear nudity|materialism|narcissism,http://www.imdb.com/title/tt0144084/?ref_=fn_tt_tt_1,1061,2000,1000,7.6
Miguel Arteta,107,93,44,596,15000,14015786,The Good Girl ,27646,Tim Blake Nelson,dysfunctional marriage|marijuana|small town|store|trying to conceive,http://www.imdb.com/title/tt0279113/?ref_=fn_tt_tt_1,298,2002,11000,6.5
Erik Canuel,28,116,31,50,539,,Bon Cop Bad Cop ,895,Sarain Boylan,border|hockey|killer|police|tattoo,http://www.imdb.com/title/tt0479647/?ref_=fn_tt_tt_1,90,2006,290,7.0
Troy Duffy,91,138,78,968,12000,10269307,The Boondock Saints II: All Saints Day ,17524,Clifton Collins Jr.,final showdown|ireland|justice|priest|sheep,http://www.imdb.com/title/tt1300851/?ref_=fn_tt_tt_1,188,2009,3000,6.3
James Ivory,55,117,133,86,471,,The City of Your Final Destination ,858,Diego Velazquez,child|student|university|widow|writer,http://www.imdb.com/title/tt0896923/?ref_=fn_tt_tt_1,25,2009,277,6.4
Nicole Holofcener,231,93,132,216,434,17536788,Enough Said ,1183,Michaela Watkins,dating|divorcee|ex husband|ex wife|party,http://www.imdb.com/title/tt2390361/?ref_=fn_tt_tt_1,142,2013,265,7.1
Will Gluck,262,92,87,424,15000,58401464,Easy A ,16982,Fred Armisen,gay|gay interest|high school|school|student,http://www.imdb.com/title/tt1282140/?ref_=fn_tt_tt_1,264,2010,1000,7.1
Matty Rich,7,110,10,582,851,8880705,The Inkwell ,3293,Larenz Tate,fire|marriage|martha's vineyard|teenager|vacation,http://www.imdb.com/title/tt0110137/?ref_=fn_tt_tt_1,11,1994,780,6.5
E. Elias Merhige,196,92,54,306,776,8279017,Shadow of the Vampire ,1761,Catherine McCormack,actor|breasts|film actress|nosferatu|vampire,http://www.imdb.com/title/tt0189998/?ref_=fn_tt_tt_1,339,2000,595,6.9
Joe Nussbaum,83,104,18,741,1000,10106233,Prom ,5190,Aimee Teegarden,decoration|father daughter relationship|high school|prom|teenager,http://www.imdb.com/title/tt1604171/?ref_=fn_tt_tt_1,32,2011,962,5.4
Matt Reeves,18,98,198,636,1000,,The Pallbearer ,3502,Carol Kane,bachelor party|directorial debut|funeral|pallbearer|wedding,http://www.imdb.com/title/tt0117283/?ref_=fn_tt_tt_1,55,1996,975,4.9
Steve Rash,11,89,15,660,883,4692814,Held Up ,3291,Jake Busey,hold up|hostage|stockholm syndrome|swat team|vegetarian,http://www.imdb.com/title/tt0165831/?ref_=fn_tt_tt_1,34,1999,826,5.1
Fina Torres,72,92,26,417,1000,5018450,Woman on Top ,2687,Mark Feuerstein,cross dresser|food|friend|motion sickness|restaurant,http://www.imdb.com/title/tt0206420/?ref_=fn_tt_tt_1,86,2000,905,5.3
James Ivory,51,140,133,136,12000,25967000,Howards End ,13180,Samuel West,england|friendship|prejudice|upper class|working class,http://www.imdb.com/title/tt0104454/?ref_=fn_tt_tt_1,86,1992,898,7.5
,18,60,,648,3000,,Preacher             ,6034,Ruth Negga,heaven and hell|preacher|supernatural|vampire|vertigo comics,http://www.imdb.com/title/tt5016504/?ref_=fn_tt_tt_1,85,,788,8.3
Duke Johnson,328,90,26,0,1000,3442820,Anomalisa ,1442,David Thewlis,full frontal male nudity|hotel room|multiple characters voiced by same person|one night stand|sex in hotel room,http://www.imdb.com/title/tt2401878/?ref_=fn_tt_tt_1,140,2015,442,7.3
Mike Leigh,248,129,608,386,1000,3205244,Another Year ,2265,Phil Davis,autumn|four seasons|friend|looking at one's self in a mirror|unhappiness,http://www.imdb.com/title/tt1431181/?ref_=fn_tt_tt_1,141,2010,579,7.3
François Ozon,128,111,341,569,963,3076425,8 Women ,3543,Emmanuelle Béart,cook|industrialist|secret|snowstorm|suspect,http://www.imdb.com/title/tt0283832/?ref_=fn_tt_tt_1,162,2002,678,7.1
Mark L. Lester,45,79,73,112,1000,2275557,Showdown in Little Tokyo ,2404,Vernee Watson,bare chested male|detective|electric torture|japanese american|yakuza,http://www.imdb.com/title/tt0102915/?ref_=fn_tt_tt_1,102,1991,1000,6.0
David Dobkin,49,104,71,168,1000,1789892,Clay Pigeons ,1795,Kevin Rahm,breasts|serial killer|small town|vomiting|widow,http://www.imdb.com/title/tt0118863/?ref_=fn_tt_tt_1,109,1998,261,6.6
Anna Boden,163,101,16,472,943,6350058,It's Kind of a Funny Story ,2786,Jim Gaffigan,based on novel|depression|psychiatric ward|suicide attempt|therapy,http://www.imdb.com/title/tt0804497/?ref_=fn_tt_tt_1,150,2010,769,7.2
Nigel Cole,163,113,13,594,5000,1094798,Made in Dagenham ,7692,Sally Hawkins,equal pay|machinist|minister|protest|sex,http://www.imdb.com/title/tt1371155/?ref_=fn_tt_tt_1,73,2010,629,7.2
Anand Tucker,90,92,14,291,14000,1071240,When Did You Last See Your Father? ,15848,Gina McKee,cancer|children|death|terminal cancer|time,http://www.imdb.com/title/tt0829098/?ref_=fn_tt_tt_1,34,2007,1000,6.9
Steve James,23,106,23,200,1000,532190,Prefontaine ,1610,Amy Locane,long distance runner|olympics|oregon|runner|watching television,http://www.imdb.com/title/tt0119937/?ref_=fn_tt_tt_1,37,1997,273,6.8
Michael Winner,17,98,136,249,977,,The Wicked Lady ,2413,John Gielgud,female nudity|highwayman|nell gwynne|nudity|whipping,http://www.imdb.com/title/tt0086582/?ref_=fn_tt_tt_1,15,1983,649,4.0
Tomm Moore,118,75,45,4,61,686383,The Secret of Kells ,75,Evan McGuire,barbarian|fairy|forest|monastery|unfinished book,http://www.imdb.com/title/tt0485601/?ref_=fn_tt_tt_1,71,2009,5,7.7
John Carney,283,104,109,7,480,16168741,Begin Again ,517,Mary Catherine Garrison,manhattan new york city|new york city|record label|singer|song,http://www.imdb.com/title/tt1980929/?ref_=fn_tt_tt_1,182,2013,12,7.4
David Jacobson,74,108,12,710,2000,568695,Down in the Valley ,3921,Rory Culkin,beach|cowboy|cowboy hat|neo western|valley,http://www.imdb.com/title/tt0398027/?ref_=fn_tt_tt_1,110,2005,844,6.5
Michael Corrente,41,99,30,209,480,398420,Brooklyn Rules ,1234,Alexa Havins,1980s|friend|friendship|loyalty|mafia,http://www.imdb.com/title/tt0283503/?ref_=fn_tt_tt_1,48,2007,257,6.4
Edward Hall,17,180,0,844,3000,,Restless ,6343,Charlotte Rampling,espionage|motel|mother son relationship|murder disguised as suicide|shot in the head,http://www.imdb.com/title/tt2241676/?ref_=fn_tt_tt_1,12,2012,2000,7.2
Keith Gordon,66,109,200,1000,21000,336456,The Singing Detective ,41645,Alfre Woodard,detective|detective novel|fantasy sequence|hallucination|writer,http://www.imdb.com/title/tt0314676/?ref_=fn_tt_tt_1,79,2003,18000,5.6
David Leland,36,111,2,227,735,146083,The Land Girls ,1378,Steven Mackintosh,dorset|farm|friend|love|women's land army,http://www.imdb.com/title/tt0119494/?ref_=fn_tt_tt_1,27,1998,306,6.3
Andrew Currie,140,93,8,33,553,298110,Fido ,786,Kesun Loder,decapitation|neighbor|neighborhood|next door neighbor|zombie,http://www.imdb.com/title/tt0457572/?ref_=fn_tt_tt_1,98,2006,177,6.8
Andrew Wilson,32,99,387,399,8000,127144,The Wendell Baker Story ,9608,Jacob Vargas,directorial debut|fantasy sequence|nurse|old age home|prison,http://www.imdb.com/title/tt0373445/?ref_=fn_tt_tt_1,27,2005,489,5.5
Jonathan Lynn,68,98,36,405,10000,117190,Wild Target ,11770,Geoff Bell,apprentice|assassin|hitman|kleptomaniac|thief,http://www.imdb.com/title/tt1235189/?ref_=fn_tt_tt_1,86,2010,692,6.9
Marc Schölermann,79,95,3,448,905,108662,Pathology ,3185,Johnny Whitworth,corpse|dark humor|medical school|murder|pathology,http://www.imdb.com/title/tt0964539/?ref_=fn_tt_tt_1,107,2008,513,6.0
,9,142,,427,27000,,Wuthering Heights             ,29196,Kevin McNally,abuse|love|moor the landscape|revenge|tv mini series,http://www.imdb.com/title/tt1238834/?ref_=fn_tt_tt_1,33,,698,7.7
Robert Moresco,26,107,53,463,954,53481,10th & Wolf ,2512,Dash Mihok,desert storm|fbi|fbi agent|fragmentation grenade|woman kills attacker,http://www.imdb.com/title/tt0360323/?ref_=fn_tt_tt_1,34,2006,551,6.4
Thomas Vinterberg,100,102,346,488,947,23106,Dear Wendy ,2572,William Hootkins,gang|gun|loner|love|outcast,http://www.imdb.com/title/tt0342272/?ref_=fn_tt_tt_1,58,2004,526,6.6
Claudia Llosa,56,97,43,47,144,52961,Aloft ,326,William Shimell,,http://www.imdb.com/title/tt2494384/?ref_=fn_tt_tt_1,11,2014,63,5.3
Katsuhiro Ôtomo,150,124,78,4,6,439162,Akira ,28,Tesshô Genda,based on manga|biker gang|gifted child|post thermonuclear war|science runs amok,http://www.imdb.com/title/tt0094625/?ref_=fn_tt_tt_1,430,1988,5,8.1
John Herzfeld,30,97,17,1000,23000,,The Death and Life of Bobby Z ,37457,Jason Flemyng,drug lord|on the run|prison|vegan|vegetarian,http://www.imdb.com/title/tt0473188/?ref_=fn_tt_tt_1,31,2007,10000,5.9
Charles Binamé,20,124,2,23,413,,The Rocket: The Legend of Rocket Richard ,733,Julie LeBreton,fan|french canadian|hockey|hockey player|machinist,http://www.imdb.com/title/tt0460505/?ref_=fn_tt_tt_1,31,2005,265,7.7
Keith Parmer,21,96,2,600,31000,,Swelter ,33858,Grant Bowler,police officer killed|police officer shot in the chest|police officer shot in the forehead|police officer shot in the head|police shootout,http://www.imdb.com/title/tt2112277/?ref_=fn_tt_tt_1,24,2014,920,4.6
Dennie Gordon,11,114,29,11,163,50000,My Lucky Star ,219,Jack Kao,,http://www.imdb.com/title/tt2102502/?ref_=fn_tt_tt_1,2,2013,20,5.1
Ol Parker,85,90,21,112,186,671240,Imagine Me & You ,619,Darren Boyd,florist|friend|friendship|lesbian|love,http://www.imdb.com/title/tt0421994/?ref_=fn_tt_tt_1,149,2005,119,6.9
Bruce Beresford,5,104,78,189,502,,Mr. Church ,1546,Natalie Coughlin,,http://www.imdb.com/title/tt4196848/?ref_=fn_tt_tt_1,5,2016,206,8.0
François Ozon,160,102,341,15,844,10105505,Swimming Pool ,1389,Jean-Claude Lecas,luberon|mystery writer|night|publisher|swimming,http://www.imdb.com/title/tt0324133/?ref_=fn_tt_tt_1,288,2003,521,6.8
James Nunn,25,93,16,376,1000,,Green Street 3: Never Back Down ,2284,Kacey Clarke,bare breasts|firm|hooliganism|training|west ham supporter,http://www.imdb.com/title/tt2628316/?ref_=fn_tt_tt_1,13,2013,524,5.4
David Webb Peoples,21,90,73,26,848,882290,The Blood of Heroes ,1526,Anna Katarina,battle|blood splatter|combat|game|showdown,http://www.imdb.com/title/tt0094764/?ref_=fn_tt_tt_1,43,1989,643,6.5
Michael Winnick,15,106,155,391,981,,Code of Honor ,2741,Craig Sheffer,gun|mayor|nightclub|police|vigilantism,http://www.imdb.com/title/tt4060866/?ref_=fn_tt_tt_1,14,2016,505,4.2
Bruce Beresford,61,99,78,325,11000,106593296,Driving Miss Daisy ,12619,Patti LuPone,1950s|african american|jewish|old age|widow,http://www.imdb.com/title/tt0097239/?ref_=fn_tt_tt_1,134,1989,509,7.4
George Tillman Jr.,34,115,88,890,1000,43490057,Soul Food ,4737,Vivica A. Fox,1990s|family relationships|food in title|sister|unity,http://www.imdb.com/title/tt0120169/?ref_=fn_tt_tt_1,30,1997,1000,6.9
Stanley Tong,62,89,7,36,186,32333860,Rumble in the Bronx ,407,Garvin Cross,fight|gang|greed|street gang|wedding,http://www.imdb.com/title/tt0113326/?ref_=fn_tt_tt_1,81,1995,147,6.7
David Oelhoffen,102,101,2,40,10000,,Far from Men ,10218,Ángela Molina,algerian war|based on short story|hostage|teacher|title at the end,http://www.imdb.com/title/tt2936180/?ref_=fn_tt_tt_1,19,2014,154,7.3
Jason Reitman,239,92,655,88,24000,24792061,Thank You for Smoking ,25092,Todd Louiso,cigarette smoking|lobbyist|political satire|reporter|tobacco industry,http://www.imdb.com/title/tt0427944/?ref_=fn_tt_tt_1,323,2005,829,7.6
Eli Roth,252,94,0,658,1000,17544812,Hostel: Part II ,4707,Stanislav Ianevski,american|hostel|slovakia|torture|train,http://www.imdb.com/title/tt0498353/?ref_=fn_tt_tt_1,384,2007,683,5.4
Lone Scherfig,278,100,92,221,3000,12574715,An Education ,4198,Ellie Kendrick,1960s|age difference|france|loss of virginity|oxford,http://www.imdb.com/title/tt1174732/?ref_=fn_tt_tt_1,237,2009,766,7.3
Anand Tucker,124,106,14,161,827,10281585,Shopgirl ,1871,Clyde Kusatsu,artist|depression|gloves|photography|slacker,http://www.imdb.com/title/tt0338427/?ref_=fn_tt_tt_1,268,2005,545,6.4
Tony Richardson,9,109,62,518,584,5100000,The Hotel New Hampshire ,2024,Nastassja Kinski,football|hotel|teenage girl|terrorist|wien,http://www.imdb.com/title/tt0087428/?ref_=fn_tt_tt_1,61,1984,552,6.0
Joe Carnahan,127,105,248,147,673,10460089,Narc ,1442,Alan Van Sprang,blood splatter|cover up|murder|police shootout|undercover,http://www.imdb.com/title/tt0272207/?ref_=fn_tt_tt_1,214,2002,466,7.2
Paul Gross,9,102,329,280,611,4239767,Men with Brooms ,1834,Kari Matchett,championship|coach|curling|marriage|rural setting,http://www.imdb.com/title/tt0263734/?ref_=fn_tt_tt_1,83,2002,329,6.0
Charles Robert Carner,35,97,18,742,834,4131640,Witless Protection ,4091,Richard Bull,fbi|polo|possum|sheriff|shotgun,http://www.imdb.com/title/tt1001562/?ref_=fn_tt_tt_1,20,2008,749,3.1
Russell Holt,6,118,0,249,373,3347439,The Work and the Glory ,1233,Tiffany Dupont,1830s|baptism|intolerance|mormon church|sibling rivalry,http://www.imdb.com/title/tt0410454/?ref_=fn_tt_tt_1,33,2004,266,6.9
Mike Judge,192,92,406,968,24000,10814185,Extract ,41867,Clifton Collins Jr.,freak accident|gigolo|hit in the crotch|nosy neighbor|on the job injury,http://www.imdb.com/title/tt1225822/?ref_=fn_tt_tt_1,106,2009,15000,6.2
Larry Charles,51,112,119,844,12000,533344,Masked and Anonymous ,15396,Bruce Dern,concert|jail|journalist|revolution|singer,http://www.imdb.com/title/tt0319829/?ref_=fn_tt_tt_1,95,2003,844,5.5
Claude Miller,38,103,27,59,71,206400,Alias Betty ,262,Roschdy Zem,child|criminal|death|depression|novelist,http://www.imdb.com/title/tt0269329/?ref_=fn_tt_tt_1,26,2001,59,6.9
Michael Winterbottom,133,93,187,158,631,197148,Code 46 ,1176,Natalie Mendoza,genetics|i.d.|love|sphinx|totalitarian,http://www.imdb.com/title/tt0345061/?ref_=fn_tt_tt_1,150,2003,163,6.3
Sacha Bennett,4,101,22,447,5000,,Outside Bet ,7206,Vincent Regan,,http://www.imdb.com/title/tt1772422/?ref_=fn_tt_tt_1,3,2012,659,4.8
Paul Haggis,287,115,549,911,3000,54557348,Crash ,5732,Jennifer Esposito,race relations|racism|racist|social problem|stereotype,http://www.imdb.com/title/tt0375679/?ref_=fn_tt_tt_1,1624,2004,912,7.9
Rodrigo García,222,113,127,373,3000,3014541,Albert Nobbs ,4370,Mark Williams,19th century|hotel|painter|waiter|woman pretending to be a man,http://www.imdb.com/title/tt1602098/?ref_=fn_tt_tt_1,98,2011,415,6.7
Jeta Amata,6,95,20,36,262,,Black November ,409,Razaaq Adoti,color in title|number in title|two word title,http://www.imdb.com/title/tt2147225/?ref_=fn_tt_tt_1,4,2012,65,5.6
Siddharth Anand,16,153,5,60,532,872643,Ta Ra Rum Pum ,902,Vic Aviles,comeback|family relationships|marriage|new york|racer,http://www.imdb.com/title/tt0833553/?ref_=fn_tt_tt_1,37,2007,249,5.4
Vincent Paronnaud,242,89,10,106,963,4443403,Persepolis ,1754,Danielle Darrieux,dream|girl|iran|islamic revolution|revolution,http://www.imdb.com/title/tt0808417/?ref_=fn_tt_tt_1,158,2007,545,8.0
Joe Dante,147,92,287,664,844,,The Hole ,4099,Haley Bennett,basement|family relationships|hole|no opening credits|slow motion scene,http://www.imdb.com/title/tt1085779/?ref_=fn_tt_tt_1,69,2009,708,5.7
Dennis Gansel,93,107,23,93,287,,The Wave ,635,Jennifer Ulrich,autocracy|based on real events|dictatorship|germany|teacher,http://www.imdb.com/title/tt1063669/?ref_=fn_tt_tt_1,96,2008,150,7.6
Nicolas Winding Refn,253,118,0,500,18000,1330827,The Neon Demon ,19879,Charles Baker,beauty|cannibalism|fashion|lesbian|model,http://www.imdb.com/title/tt1974419/?ref_=fn_tt_tt_1,73,2016,860,7.0
Daniel Barber,224,97,12,641,788,1818681,Harry Brown ,2486,Sean Harris,bayonet|death|police|self defense|widower,http://www.imdb.com/title/tt1289406/?ref_=fn_tt_tt_1,224,2009,698,7.2
Sam Raimi,392,156,0,4000,24000,336530303,Spider-Man 3 ,46055,Kirsten Dunst,sandman|spider man|symbiote|venom|villain,http://www.imdb.com/title/tt0413300/?ref_=fn_tt_tt_1,1902,2007,11000,6.2
Robert Marcarelli,39,100,0,440,488,12610552,The Omega Code ,2428,Ayla Kell,code|evil|false accusation|megalomaniac|torah,http://www.imdb.com/title/tt0203408/?ref_=fn_tt_tt_1,206,1999,488,3.5
Jason Reitman,387,96,655,973,24000,143492840,Juno ,28817,Rainn Wilson,adoption|baby|friend|pregnancy|school,http://www.imdb.com/title/tt0467406/?ref_=fn_tt_tt_1,881,2007,3000,7.5
Ernie Barbarash,36,104,249,96,294,,Pound of Flesh ,835,Brahim Achabbakhe,fighting|hand to hand combat|jujitsu|kickboxing|organ,http://www.imdb.com/title/tt3488328/?ref_=fn_tt_tt_1,29,2015,284,5.1
Guy Hamilton,120,120,82,175,244,43800000,Diamonds Are Forever ,1105,Jill St. John,cat|diamond|ford mustang|james bond 007|yanked off bikini top,http://www.imdb.com/title/tt0066995/?ref_=fn_tt_tt_1,276,1971,177,6.7
Francis Ford Coppola,208,175,0,3000,14000,134821952,The Godfather ,28122,Robert Duvall,crime family|mafia|organized crime|patriarch|rise to power,http://www.imdb.com/title/tt0068646/?ref_=fn_tt_tt_1,2238,1972,10000,9.2
Adrian Lyne,51,95,213,92,225,94900000,Flashdance ,791,Lee Ving,ballet school|dance|dancer|overalls|steel worker,http://www.imdb.com/title/tt0085549/?ref_=fn_tt_tt_1,128,1983,174,6.1
Marc Webb,331,95,464,11000,23000,32391374,500 Days of Summer ,54075,Zooey Deschanel,friend|greeting card|office|summer|true love,http://www.imdb.com/title/tt1022603/?ref_=fn_tt_tt_1,494,2009,17000,7.7
Jane Campion,83,121,319,11,1000,40158000,The Piano ,1051,Geneviève Lemon,adultery|daughter|male rear nudity|new zealand|piano,http://www.imdb.com/title/tt0107822/?ref_=fn_tt_tt_1,241,1993,18,7.6
Steven Soderbergh,324,110,0,11000,17000,113709992,Magic Mike ,46646,Matthew McConaughey,bank|male nudity|male objectification|male stripper|stripper,http://www.imdb.com/title/tt1915581/?ref_=fn_tt_tt_1,281,2012,15000,6.1
Jonathan Liebesman,140,96,474,82,1000,32131483,Darkness Falls ,2212,Angus Sampson,boy|darkness|light|tooth|tooth fairy,http://www.imdb.com/title/tt0282209/?ref_=fn_tt_tt_1,369,2003,970,4.9
Guy Hamilton,136,121,82,189,581,35400000,Live and Let Die ,1865,Clifton James,british|cards|heroin|murder|tarot card,http://www.imdb.com/title/tt0070328/?ref_=fn_tt_tt_1,251,1973,547,6.8
Jay Russell,79,95,13,430,1000,34099640,My Dog Skip ,2515,Cody Linley,1940s|dog|mississippi|puppy|veteran,http://www.imdb.com/title/tt0156812/?ref_=fn_tt_tt_1,149,2000,934,7.0
Adam Brooks,160,112,20,61,16000,31973840,"Definitely, Maybe ",16289,Paulina Gerzon,college|daughter|girl|sex|wisconsin,http://www.imdb.com/title/tt0832266/?ref_=fn_tt_tt_1,168,2008,109,7.2
Salim Akil,52,112,70,826,1000,37295394,Jumping the Broom ,5959,Laz Alonso,martha's vineyard|mother|older woman younger man relationship|wedding|weekend,http://www.imdb.com/title/tt1640484/?ref_=fn_tt_tt_1,59,2011,912,5.7
Baz Luhrmann,490,143,1000,76,29000,144812796,The Great Gatsby ,29769,Steve Bisley,ingratitude|mansion|party|title appears in writing|tragedy,http://www.imdb.com/title/tt1343092/?ref_=fn_tt_tt_1,753,2013,509,7.3
George Clooney,351,93,0,566,21000,31501218,"Good Night, and Good Luck. ",22745,Alex Borstein,cbs|expose|fear|paranoia|reporter,http://www.imdb.com/title/tt0433383/?ref_=fn_tt_tt_1,526,2005,650,7.5
Bennett Miller,271,110,152,27,22000,28747570,Capote ,22140,Kwesi Ameyaw,book|holcomb kansas|kansas|killer|truman capote,http://www.imdb.com/title/tt0379725/?ref_=fn_tt_tt_1,416,2005,68,7.4
Robert Rodriguez,93,104,0,4000,16000,25625110,Desperado ,33758,Salma Hayek,crushed by a car|female frontal nudity|female nudity|female rear nudity|one against many,http://www.imdb.com/title/tt0112851/?ref_=fn_tt_tt_1,202,1995,12000,7.2
Michael Winterbottom,71,115,187,887,14000,403932,The Claim ,17104,Shirley Henderson,gold|gold mine|miner|railroad|surveyor,http://www.imdb.com/title/tt0218378/?ref_=fn_tt_tt_1,92,2000,900,6.5
,54,53,,1000,4000,,Fargo             ,19949,Oliver Platt,anthology|death|insurance salesman|minnesota|police officer,http://www.imdb.com/title/tt2802850/?ref_=fn_tt_tt_1,173,,1000,9.0
Michael Anderson,112,119,23,440,1000,25000000,Logan's Run ,2951,Peter Ustinov,cat|computer|cult film|runner|sanctuary,http://www.imdb.com/title/tt0074812/?ref_=fn_tt_tt_1,242,1976,659,6.8
Guy Hamilton,118,125,82,244,16000,21000000,The Man with the Golden Gun ,17611,Desmond Llewelyn,assassin|bikini|girl in a bikini|mission|secret agent,http://www.imdb.com/title/tt0071807/?ref_=fn_tt_tt_1,258,1974,387,6.8
Craig R. Baxley,35,96,22,794,1000,20257000,Action Jackson ,5282,Carl Weathers,murder|power|psychotronic|tough cop|union,http://www.imdb.com/title/tt0094612/?ref_=fn_tt_tt_1,65,1988,841,5.2
Neil Marshall,342,100,197,159,513,26005908,The Descent ,1379,Craig Conway,cave|expedition|friendship between women|group of friends|survival horror,http://www.imdb.com/title/tt0435625/?ref_=fn_tt_tt_1,1100,2005,239,7.2
Don Kempf,14,46,0,69,13000,18642318,Michael Jordan to the Max ,13448,Bob Costas,basketball|basketball player|character name in title|chicago bulls|imax,http://www.imdb.com/title/tt0245280/?ref_=fn_tt_tt_1,13,2000,366,7.5
Matt Bettinelli-Olpin,137,89,14,270,971,15818967,Devil's Due ,2517,Vanessa Ray,eiffel tower at night|honeymoon|implied insemination|party|taxi driver,http://www.imdb.com/title/tt2752758/?ref_=fn_tt_tt_1,120,2014,479,4.0
David O. Russell,50,92,737,380,718,14891000,Flirting with Disaster ,2240,David Patrick Kelly,adoption|armpit fetish|mistaken identity|new mexico|overalls,http://www.imdb.com/title/tt0116324/?ref_=fn_tt_tt_1,105,1996,524,6.8
Rob Zombie,261,109,0,597,1000,16901126,The Devil's Rejects ,3544,Lew Temple,escape|police|road trip|sheriff|texas,http://www.imdb.com/title/tt0395584/?ref_=fn_tt_tt_1,687,2005,649,6.9
,96,44,,970,4000,,Buffy the Vampire Slayer             ,7970,Emma Caulfield,action heroine|coming of age|destiny|double life|vampire,http://www.imdb.com/title/tt0118276/?ref_=fn_tt_tt_1,665,,3000,8.2
Rick Famuyiwa,180,103,44,190,637,17474107,Dope ,1342,Kiersey Clemons,african american|geek|hip hop|party|tomboy,http://www.imdb.com/title/tt3850214/?ref_=fn_tt_tt_1,89,2015,256,7.3
Michael Rymer,28,95,48,826,1000,14003141,In Too Deep ,4837,Nia Long,cunnilingus|oral sex|police|sex scene|undercover,http://www.imdb.com/title/tt0160401/?ref_=fn_tt_tt_1,29,1999,865,6.1
Sam Mendes,750,143,0,393,883,304360277,Skyfall ,2039,Rory Kinnear,brawl|childhood home|computer cracker|intelligence agency|terrorist cell,http://www.imdb.com/title/tt1074638/?ref_=fn_tt_tt_1,1498,2012,563,7.8
Rob Zombie,202,105,0,303,1000,12583510,House of 1000 Corpses ,2444,Erin Daniels,actor playing multiple roles|axe|dark comedy|masked man|sadism,http://www.imdb.com/title/tt0251736/?ref_=fn_tt_tt_1,922,2003,340,6.0
Sharron Miller,8,79,0,23,246,,Alien Zone ,345,Charles Aidman,affair|child murderer|mortician|strangulation|supernatural power,http://www.imdb.com/title/tt0072626/?ref_=fn_tt_tt_1,21,1978,29,4.1
Ethan Coen,341,106,1000,98,816,9190525,A Serious Man ,1120,Peter Breitmayer,bar mitzvah|jewish|marital breakup|nose job|rabbi,http://www.imdb.com/title/tt1019452/?ref_=fn_tt_tt_1,324,2009,105,7.0
Aaron Schneider,160,100,11,970,13000,9176553,Get Low ,19330,Bill Cobbs,funeral|funeral home|hermit|party|secret,http://www.imdb.com/title/tt1194263/?ref_=fn_tt_tt_1,97,2009,3000,7.1
Steve Miner,31,103,49,304,687,9094451,Warlock ,1990,Lori Singer,17th century|book|death|warlock|witch hunter,http://www.imdb.com/title/tt0098622/?ref_=fn_tt_tt_1,79,1989,554,6.2
Gina Prince-Bythewood,71,116,107,658,893,14612840,Beyond the Lights ,3110,Darryl Stephens,domestic abuse|public humiliation|sex symbol|singer|suicide attempt,http://www.imdb.com/title/tt3125324/?ref_=fn_tt_tt_1,37,2014,664,6.9
Tom Ford,281,99,192,292,14000,9166863,A Single Man ,14816,Keri Lynn Pratt,car accident|male full back nudity|practicing a suicide|public nudity|suicide contemplation,http://www.imdb.com/title/tt1315981/?ref_=fn_tt_tt_1,247,2009,343,7.6
Martin Scorsese,114,164,17000,159,883,8373585,The Last Temptation of Christ ,1934,Roberts Blossom,carpenter|exorcism|faith|reference to jesus christ|temptation,http://www.imdb.com/title/tt0095497/?ref_=fn_tt_tt_1,308,1988,618,7.6
Michael Corrente,72,96,30,407,761,7292175,Outside Providence ,2018,Shawn Hatosy,class|cornwall connecticut|dog|friend|pawtucket rhode island,http://www.imdb.com/title/tt0125971/?ref_=fn_tt_tt_1,100,1999,412,6.4
Gurinder Chadha,119,122,98,397,729,6601079,Bride & Prejudice ,2321,Anupam Kher,bollywood|india|jane austen|london england|travel,http://www.imdb.com/title/tt0361411/?ref_=fn_tt_tt_1,276,2004,579,6.2
Phillip Noyce,74,94,176,46,116,6165429,Rabbit-Proof Fence ,312,Deborah Mailman,aborigine|based on true story|colonialism|fence|half caste,http://www.imdb.com/title/tt0252444/?ref_=fn_tt_tt_1,249,2002,93,7.5
Don Michael Paul,25,93,70,442,692,5694308,Who's Your Caddy? ,3128,Lil' Wayne,2000s|golf caddy|golf course|golfer|question mark in title,http://www.imdb.com/title/tt0785077/?ref_=fn_tt_tt_1,46,2007,585,2.0
Tony Maylam,39,96,6,38,206,5430822,Split Second ,493,Alastair Duncan,appearing from water|breasts|creature|partner|water,http://www.imdb.com/title/tt0105459/?ref_=fn_tt_tt_1,75,1992,192,6.2
,27,60,,346,787,,Nikita             ,2352,Aaron Stanford,assassin|death|female protagonist|rogue|training,http://www.imdb.com/title/tt1592154/?ref_=fn_tt_tt_1,83,,485,7.7
Mitch Davis,27,113,7,35,11000,4720371,The Other Side of Heaven ,11116,Miriama Smith,1950s|idaho|love|missionary|mormon,http://www.imdb.com/title/tt0250371/?ref_=fn_tt_tt_1,85,2001,43,6.5
,11,60,,652,10000,,Dark Angel             ,12051,John Savage,cat burglar|female lead|future|mixed martial arts|post apocalypse,http://www.imdb.com/title/tt0204993/?ref_=fn_tt_tt_1,160,,794,7.4
Yash Chopra,29,192,147,397,8000,2921738,Veer-Zaara ,9984,Anupam Kher,fair|pakistan|prison|rescue|stranded,http://www.imdb.com/title/tt0420332/?ref_=fn_tt_tt_1,119,2004,860,7.9
David Mamet,158,99,342,501,1000,2344847,Redbelt ,2158,Jose Pablo Cantillo,bar|debt|fight|instructor|jujitsu,http://www.imdb.com/title/tt1012804/?ref_=fn_tt_tt_1,119,2008,518,6.8
Jay Duplass,223,91,157,224,490,7455447,Cyrus ,1136,Katie Aselton,21 year old|forename as title|musician|party|rearview mirror,http://www.imdb.com/title/tt1336617/?ref_=fn_tt_tt_1,126,2010,259,6.3
Kevin Brodie,25,100,0,359,655,2148212,A Dog of Flanders ,1906,Jack Warden,artist|box office flop|dog|drawing|flanders,http://www.imdb.com/title/tt0160216/?ref_=fn_tt_tt_1,20,1999,476,6.3
Paul Schrader,97,105,261,617,783,2062066,Auto Focus ,2684,Kurt Fuller,friendship|photography|radio|sex addict|video,http://www.imdb.com/title/tt0298744/?ref_=fn_tt_tt_1,147,2002,658,6.6
George Hickenlooper,117,99,60,628,4000,1654367,Factory Girl ,6526,Beth Grant,andy warhol|female nudity|public nudity|singer|socialite,http://www.imdb.com/title/tt0432402/?ref_=fn_tt_tt_1,106,2006,787,6.4
Lynne Ramsay,389,112,159,77,3000,1738692,We Need to Talk About Kevin ,3547,Ashley Gerasimovich,archery|defiance|mental illness|psychopath|toilet training,http://www.imdb.com/title/tt1242460/?ref_=fn_tt_tt_1,301,2011,294,7.5
John Stephenson,9,100,0,149,2000,2209479,The Christmas Candle ,2909,Lesley Manville,angel|candle|christmas|miracle|village,http://www.imdb.com/title/tt2739338/?ref_=fn_tt_tt_1,34,2013,627,5.8
Tim Chambers,34,99,2,455,1000,1889522,The Mighty Macs ,2589,Jennifer Butler,basketball|catholic|coach|college|nun,http://www.imdb.com/title/tt1034324/?ref_=fn_tt_tt_1,12,2009,690,6.5
Curtis Hanson,7,100,161,172,10000,,Losin' It ,11059,Rick Rossovich,apostrophe in title|bare breasts|friendship between men|teen sex comedy|two word title,http://www.imdb.com/title/tt0085868/?ref_=fn_tt_tt_1,16,1983,422,4.8
Rodrigo García,161,125,127,798,6000,1110286,Mother and Child ,8876,Carla Gallo,adoption|baby|girl|lawyer|sex,http://www.imdb.com/title/tt1121977/?ref_=fn_tt_tt_1,65,2009,941,7.2
Dick Richards,6,107,6,375,963,1000000,March or Die ,2209,Jack O'Halloran,arab|bare chested male|foreign legion|french foreign legion|morocco,http://www.imdb.com/title/tt0076175/?ref_=fn_tt_tt_1,26,1977,750,6.3
Jean-Marie Poiré,16,107,8,39,106,700000,Les visiteurs ,215,Valérie Lemercier,distant past|future time travel|nobleman|squire|trapped in the past,http://www.imdb.com/title/tt0108500/?ref_=fn_tt_tt_1,78,1993,54,7.0
Sofia Coppola,301,97,0,106,227,1768416,Somewhere ,684,Erin Wasson,actor|boredom|luxury hotel|party|trip,http://www.imdb.com/title/tt1421051/?ref_=fn_tt_tt_1,198,2010,218,6.3
Bob Gosse,52,105,10,184,756,1425993,I Hope They Serve Beer in Hell ,1417,Derek Wayne Johnson,bachelor party|bare butt|loud sex|sex standing up|topless female nudity,http://www.imdb.com/title/tt1220628/?ref_=fn_tt_tt_1,72,2009,216,5.3
Alex Zamm,12,95,43,611,1000,306715,Chairman of the Board ,5213,Larry Miller,box office flop|company|invention|roommate|surfer,http://www.imdb.com/title/tt0118836/?ref_=fn_tt_tt_1,62,1998,788,2.3
Spencer Susser,134,106,58,973,23000,382946,Hesher ,44969,Rainn Wilson,bully|car|car accident|fire|vomiting,http://www.imdb.com/title/tt1403177/?ref_=fn_tt_tt_1,99,2010,20000,7.1
Richard Shepard,151,93,47,13,554,518134,Dom Hemingway ,1105,Richard Graham,male frontal nudity|male nudity|male rear nudity|nudity|sex scene,http://www.imdb.com/title/tt2402105/?ref_=fn_tt_tt_1,66,2013,524,6.2
Gus Van Sant,103,103,835,,13000,236266,Gerry ,13000,,desert|friend|friendship|minimal dialogue|water,http://www.imdb.com/title/tt0302674/?ref_=fn_tt_tt_1,290,2002,0,6.2
Thaddeus O'Sullivan,39,96,5,52,766,196067,The Heart of Me ,1251,Eleanor Bron,1930s|car accident|hospital|marital rape|painter,http://www.imdb.com/title/tt0301390/?ref_=fn_tt_tt_1,25,2002,358,6.7
Peter Sollett,133,103,6,935,7000,532988,Freeheld ,9660,Luke Grimes,cancer|gay bar|lesbian kiss|partner|public hearing,http://www.imdb.com/title/tt1658801/?ref_=fn_tt_tt_1,25,2015,1000,6.5
Shari Springer Berman,104,108,30,281,474,453079,The Extra Man ,2029,Dan Hedaya,co worker|escort|magazine|teacher|writer,http://www.imdb.com/title/tt1361313/?ref_=fn_tt_tt_1,29,2010,403,5.9
Aleksey German,121,177,23,0,4,,Hard to Be a God ,8,Valentin Golubenko,fictional war|hanging|male full frontal nudity|medieval times|nudity,http://www.imdb.com/title/tt2328813/?ref_=fn_tt_tt_1,28,2013,4,6.7
Stephen Milburn Anderson,27,118,0,410,26000,46451,Ca$h ,27756,Paul Sanchez,cash|financial problem|heist|land rover|mortgage,http://www.imdb.com/title/tt1106860/?ref_=fn_tt_tt_1,38,2010,854,6.0
Richard E. Grant,49,97,554,530,876,233103,Wah-Wah ,2544,Miranda Richardson,alcoholic|alcoholic father|stepmother|swaziland|unfaithful wife,http://www.imdb.com/title/tt0419256/?ref_=fn_tt_tt_1,50,2005,838,6.9
Troy Duffy,100,102,78,184,12000,,The Boondock Saints ,12680,Bob Marley,fbi|fbi agent|friend|irish|mafia,http://www.imdb.com/title/tt0144117/?ref_=fn_tt_tt_1,876,1999,333,7.9
David Lam,12,92,4,4,91,,Z Storm ,198,Stephen Au,,http://www.imdb.com/title/tt3469440/?ref_=fn_tt_tt_1,1,2014,82,5.3
Francis Ford Coppola,112,88,0,507,1000,,Twixt ,3150,Joanne Whalley,ghost|hotel|murder|stake|what happened to epilogue,http://www.imdb.com/title/tt1756851/?ref_=fn_tt_tt_1,70,2011,844,4.8
Vladlen Barbe,10,80,0,26,99,,Snow Queen ,218,Ivan Okhlobystin,3d,http://www.imdb.com/title/tt2243621/?ref_=fn_tt_tt_1,9,2012,62,5.3
Richard Rich,2,45,24,29,122,,Alpha and Omega 4: The Legend of the Saw Toothed Cave ,236,Cindy Robinson,blindness|cave|spirit|wolf|wolf cub,http://www.imdb.com/title/tt4061848/?ref_=fn_tt_tt_1,6,2014,35,6.0
Clint Eastwood,38,115,16000,240,16000,41400000,Pale Rider ,17209,Sydney Penny,gold|miner|preacher|prospector|sheriff,http://www.imdb.com/title/tt0089767/?ref_=fn_tt_tt_1,138,1985,455,7.3
Robert C. Cooper,18,97,49,687,878,,Stargate: The Ark of Truth ,4334,Julian Sands,2000s|evil god|space opera|stargate|wormhole,http://www.imdb.com/title/tt0942903/?ref_=fn_tt_tt_1,42,2008,847,7.4
Richard Linklater,152,102,0,787,14000,7993039,Dazed and Confused ,18643,Cole Hauser,football|hazing|high school|last day of school|pledge,http://www.imdb.com/title/tt0106677/?ref_=fn_tt_tt_1,408,1993,1000,7.7
Kenny Ortega,44,111,197,578,755,,High School Musical 2 ,3009,Olesya Rulin,2000s|basketball|country club|lifeguard|talent show,http://www.imdb.com/title/tt0810900/?ref_=fn_tt_tt_1,162,2007,632,4.8
Kim Nguyen,6,96,16,63,149,,Two Lovers and a Bear ,414,John Ralston,,http://www.imdb.com/title/tt4412528/?ref_=fn_tt_tt_1,6,2016,147,7.2
Jackie Earle Haley,46,94,0,493,15000,,Criminal Activities ,17377,Travis Aaron Wade,african american gangster|falling to death|in over one's head|murder|surveillance,http://www.imdb.com/title/tt3687310/?ref_=fn_tt_tt_1,38,2015,725,5.8
Max Färberböck,63,125,4,36,177,927107,Aimee & Jaguar ,333,Maria Schrader,lesbian mother|lesbian parent|lesbian relationship|lesbian romance|lesbianism,http://www.imdb.com/title/tt0130444/?ref_=fn_tt_tt_1,51,1999,66,7.3
Arie Posin,74,108,3,436,710,49526,The Chumscrubber ,2119,Tim DeKay,chumscrubber|death|friend|pills|school,http://www.imdb.com/title/tt0406650/?ref_=fn_tt_tt_1,129,2005,697,7.0
Damian Nieman,25,101,0,83,240,10696,Shade ,490,Mark De Alessandro,bar|strip club|stripper|texas hold 'em|thong,http://www.imdb.com/title/tt0323939/?ref_=fn_tt_tt_1,65,2003,83,6.4
Mark Tonderai,224,101,13,261,34000,31607598,House at the End of the Street ,35717,Gil Bellows,brother sister relationship|death of sister|female protagonist|mother daughter relationship|murder,http://www.imdb.com/title/tt1582507/?ref_=fn_tt_tt_1,160,2012,924,5.6
Denis Villeneuve,226,139,777,58,131,6857096,Incendies ,343,Ahmad Massad,brother sister relationship|family relationships|middle east|mother son relationship|twin brother and sister,http://www.imdb.com/title/tt1255953/?ref_=fn_tt_tt_1,156,2010,66,8.2
Gabriele Muccino,36,125,125,11,60,223878,"Remember Me, My Love ",132,Giulia Michelini,box office hit|dancer|sex scene|television|underage sex,http://www.imdb.com/title/tt0323807/?ref_=fn_tt_tt_1,21,2003,29,6.5
Ian Fitzgibbon,54,88,11,415,1000,828,Perrier's Bounty ,2728,Michael McElhatton,burglary|estranged father|money|neighbor|thug,http://www.imdb.com/title/tt1003034/?ref_=fn_tt_tt_1,31,2009,418,6.4
José Padilha,142,115,294,15,585,8060,Elite Squad ,666,André Ramiro,brazil|military police|police|rio de janeiro brazil|slum,http://www.imdb.com/title/tt0861739/?ref_=fn_tt_tt_1,107,2007,39,8.1
John R. Leonetti,271,99,40,300,1000,84263837,Annabelle ,2323,Gabriel Bateman,horror movie prequel|murder|paranormal activity|self sacrifice|suicide,http://www.imdb.com/title/tt3322940/?ref_=fn_tt_tt_1,291,2014,421,5.4
Rachel Perkins,33,88,3,38,46,110029,Bran Nue Dae ,225,Jessica Mauboy,australia|journey|love|priest|traveling,http://www.imdb.com/title/tt1148165/?ref_=fn_tt_tt_1,31,2009,46,6.3
John Singleton,64,112,309,15,27,57504069,Boyz n the Hood ,106,Na'Blonka Durden,drugs|escape|football|friend|violence,http://www.imdb.com/title/tt0101507/?ref_=fn_tt_tt_1,183,1991,26,7.8
Luis Valdez,18,108,7,51,699,54215416,La Bamba ,936,Danielle von Zerneck,crash|hispanic|interracial relationship|interracial romance|racism,http://www.imdb.com/title/tt0093378/?ref_=fn_tt_tt_1,63,1987,63,6.8
Alan Alda,6,107,0,146,804,,The Four Seasons ,1285,Sandy Dennis,directed by star|friendship|reference to isaac newton|skinny dipping|written and directed by cast member,http://www.imdb.com/title/tt0082405/?ref_=fn_tt_tt_1,33,1981,167,7.2
Brian De Palma,121,104,0,517,754,31899000,Dressed to Kill ,2442,Nancy Allen,apartment|elevator|murder|psychiatrist|sunglasses,http://www.imdb.com/title/tt0080661/?ref_=fn_tt_tt_1,201,1980,567,7.1
Stephen Sommers,14,108,208,689,876,24103594,The Adventures of Huck Finn ,4840,Anne Heche,boy|lesson|mississippi river|river|slave,http://www.imdb.com/title/tt0106223/?ref_=fn_tt_tt_1,54,1993,827,6.2
Doug Liman,137,102,218,376,900,16842303,Go ,2475,Scott Wolf,drug deal|drugs|sex|sex on stairs|strip club,http://www.imdb.com/title/tt0139239/?ref_=fn_tt_tt_1,418,1999,563,7.3
Nicole Holofcener,111,88,132,180,435,13367101,Friends with Money ,1140,Jake Cherry,friend|friendship|marital problem|money problems|nervous breakdown,http://www.imdb.com/title/tt0436331/?ref_=fn_tt_tt_1,166,2006,230,5.9
Robert Wise,57,115,338,45,116,,The Andromeda Strain ,394,Eric Christmas,alien|baby|new mexico|satellite|scientist,http://www.imdb.com/title/tt0066769/?ref_=fn_tt_tt_1,171,1971,112,7.2
Louis Morneau,97,91,38,91,730,10149779,Bats ,1405,Ned Bellamy,animal attack|bat|creature feature|experiment|mad scientist,http://www.imdb.com/title/tt0200469/?ref_=fn_tt_tt_1,160,1999,461,3.6
Caroline Link,73,141,11,8,56,6173485,Nowhere in Africa ,105,Matthias Habich,breasts|farm|jew|kenya|tween girl,http://www.imdb.com/title/tt0161860/?ref_=fn_tt_tt_1,84,2001,36,7.7
Steve McQueen,486,101,0,726,13000,4000304,Shame ,15230,James Badge Dale,female frontal nudity|female nudity|male nudity|sex addict|sex addiction,http://www.imdb.com/title/tt1723811/?ref_=fn_tt_tt_1,375,2011,898,7.3
Matthew Vaughn,149,105,905,466,27000,2338695,Layer Cake ,29277,Jamie Foreman,cake|cocaine|drugs|pills|serbian,http://www.imdb.com/title/tt0375912/?ref_=fn_tt_tt_1,263,2004,594,7.4
