director_name,director_facebook_likes,actor_3_facebook_likes,actor_2_name,actor_1_name,movie_title,cast_total_facebook_likes,actor_3_name,plot_keywords,num_user_for_reviews,country,content_rating,title_year,imdb_score,movie_facebook_likes
,,265,Jennifer Hale,Elizabeth Daily,The Powerpuff Girls             ,2346,Tom Kane,campy|castle thunder|female hero|female protagonist|monster,60,USA,TV-Y7,,7.2,581
Robert Redford,0,939,Tom Wilkinson,Robin Wright,The Conspirator ,21163,Stephen Root,john wilkes booth|lawyer|lincoln assassination|trial|truth,135,USA,PG-13,2010,7.0,0
Catherine Hardwicke,308,872,Michael Angarano,Heath Ledger,Lords of Dogtown ,16651,Rebecca De Mornay,1970s|skateboarder|skateboarding|surf|swimming pool,194,USA,PG-13,2005,7.1,5000
Patricia Riggen,36,399,James Brolin,Marco Treviño,The 33 ,2230,Jacob Vargas,disaster movie|mine|minister|president|trapped in a mine,56,Chile,PG-13,2015,6.9,0
John Carpenter,0,52,Kate Burton,Victor Wong,Big Trouble in Little China ,896,Peter Kwong,1980s|airport|cb radio|truck|truck driver,331,USA,PG-13,1986,7.3,19000
Pascal Chaumeil,8,8,Malonn Lévana,Dany Boon,A Perfect Plan ,210,Alice Pol,curse|divorce|marriage|tourism|travel,11,France,,2012,6.3,853
Gavin O'Connor,149,581,Frank Grillo,Tom Hardy,Warrior ,29692,Kevin Dunn,alcoholic|mixed martial arts|return home|tournament|underdog,514,USA,PG-13,2011,8.2,77000
Neil Jordan,277,8000,Liam Neeson,Alan Rickman,Michael Collins ,48482,Julia Roberts,ireland|irish|irish civil war|irish free state|sinn fein,93,UK,R,1996,7.1,0
Ron Maxwell,33,251,William Morgan Sheppard,Tom Berenger,Gettysburg ,2107,James Patrick Stuart,american civil war|battle|blood splatter|civil war|irish american,256,USA,PG,1993,7.7,0
Kimberly Peirce,108,2000,Channing Tatum,Joseph Gordon-Levitt,Stop-Loss ,43560,Abbie Cornish,friendship|honor|iraq war|soldier|texas,99,USA,R,2008,6.5,982
Stephen Gaghan,79,956,Zooey Deschanel,Charlie Hunnam,Abandon ,28987,Tony Goldwyn,college|detective|disappearance|police detective|thesis,157,USA,PG-13,2002,4.9,261
Jonathan Kaplan,57,92,Tom Amandes,John Doe,Brokedown Palace ,582,Daniel Lapaine,bangkok|friend|lawyer|smuggling|thailand,187,USA,PG-13,1999,6.4,0
Ole Bornedal,30,309,Madison Davenport,Kyra Sedgwick,The Possession ,2348,Natasha Calis,basketball coach|box|jewish|rabbi|yard sale,162,USA,PG-13,2012,5.9,17000
Richard Benjamin,121,354,Jane Krakowski,Brendan Fraser,Mrs. Winterbourne ,5023,Cathryn de Prume,love|train|train wreck|twin brother|two word title,50,USA,PG-13,1996,6.2,491
Rod Lurie,37,268,Laz Alonso,Alexander Skarsgård,Straw Dogs ,11431,Rhys Coiro,gang rape|panties pulled down|rape|rape victim|sexual humiliation,140,USA,R,2011,5.8,7000
Lasse Hallström,529,174,Christopher Evan Welch,Hope Davis,The Hoax ,1134,James Biberi,book|fabrication|fake|hoax|manuscript,74,USA,R,2006,6.7,348
Craig R. Baxley,22,120,Sam McMurray,Brian Bosworth,Stone Cold ,583,Richard Gant,biker|biker gang|fbi|mississippi|undercover,62,USA,R,1991,5.9,0
John Hillcoat,214,3000,Charlize Theron,Viggo Mortensen,The Road ,23566,Robert Duvall,apocalypse|boy|food|pistol|survival,504,USA,R,2009,7.3,32000
John Guillermin,71,42,Donovan Scott,Tanya Roberts,Sheena ,611,Ted Wass,chimpanzee|elephant|jungle|mercenary|shaman,52,UK,PG,1984,4.8,739
Marcos Siega,32,324,Nick Cannon,Cheech Marin,Underclassman ,2165,Kaylee DeFer,police|private school|shootout|undercover|wigger,26,USA,PG-13,2005,4.1,206
J.B. Rogers,6,248,Chris Klein,Eddie Cibrian,Say It Isn't So ,2413,Jack Plotnick,bestiality|brother sister incest|fisting|hit on the head with a pipe|wedding,91,USA,R,2001,4.9,295
Roger Donaldson,79,50,Antony Starr,Anthony Hopkins,The World's Fastest Indian ,12574,Craig Hall,mortgage|motorcycle|speed|trailer|utah,251,New Zealand,PG-13,2005,7.9,11000
David R. Ellis,160,490,Kenan Thompson,Lin Shaye,Snakes on a Plane ,2603,Rachel Blanchard,baby rattle|famous line|murder|passenger|snake,1033,Germany,R,2006,5.6,4000
Rachel Talalay,54,919,Lori Petty,Naomi Watts,Tank Girl ,9662,Jeff Kober,2030s|21st century|desert|jet|tank,173,USA,R,1995,5.2,0
Jeffrey W. Byrd,2,807,Loretta Devine,Donald Faison,King's Ransom ,4990,Regina Hall,hit in the crotch|kidnapping|nail gun|police|release from prison,20,USA,PG-13,2005,4.1,83
Fernando Meirelles,353,18,Joe Pingue,Don McKellar,Blindness ,142,Yûsuke Iseya,blindness|epidemic|hospital|pubic hair|quarantine,300,Canada,R,2008,6.6,0
Uwe Boll,892,492,Udo Kier,Meat Loaf,BloodRayne ,2930,Michael Paré,escape|half human|king|vampire|vampire hunter,471,USA,R,2005,2.9,937
Roman Polanski,2000,132,Christoph Waltz,Kate Winslet,Carnage ,25143,Julie Adams,based on play|meeting|salesman|single set production|whiskey,181,France,R,2011,7.2,21000
Atom Egoyan,460,490,Alison Lohman,Colin Firth,Where the Truth Lies ,16090,Rachel Blanchard,breasts|death|female rear nudity|lesbian cunnilingus|rear entry sex,128,Canada,R,2005,6.5,507
Andrew Adamson,80,31,Erica Linz,Dallas Barnett,Cirque du Soleil: Worlds Away ,539,Igor Zaripov,aerialist|circus|cirque du soleil|clown|surrealism,35,USA,PG,2012,6.8,0
Robert Towne,162,745,Monica Potter,Billy Burke,Without Limits ,4351,Billy Crudup,car crash|coach|death|oregon|university of oregon,57,USA,PG-13,1998,7.2,942
Richard Linklater,0,240,Aidan McArdle,Zoe Kazan,Me and Orson Welles ,1591,James Tupper,high school|mercury theatre|opening night|school|theatre,69,UK,PG-13,2008,6.8,0
Giuseppe Tornatore,911,232,Sean Buchanan,Jim Sturgess,The Best Offer ,5954,Liya Kebede,antique|art|heiress|older man younger woman relationship|plot twist,131,Italy,R,2013,7.8,31000
Werner Herzog,0,407,Shea Whigham,Nicolas Cage,Bad Lieutenant: Port of Call New Orleans ,13809,Shawn Hatosy,drugs|flood|hallucination|lieutenant|murder investigation,212,USA,R,2009,6.7,6000
Ben Stassen,4,602,Jenny McCarthy,Ed Begley Jr.,A Turtle's Tale: Sammy's Adventures ,3874,Stacy Keach,apostrophe in title|character name in title|punctuation in title|sea turtle,22,France,PG,2010,6.1,0
Guillaume Canet,0,92,Benoît Magimel,François Cluzet,Little White Lies ,890,Gilles Lellouche,friend|restaurant|secret|unrequited love|vacation,48,France,Not Rated,2010,7.1,0
Taylor Hackford,138,416,Bai Ling,Scout Taylor-Compton,Love Ranch ,3204,Gil Birmingham,argentine|brothel|cancer|female full frontal nudity|fight,17,USA,R,2010,5.7,636
Jérôme Deschamps,0,0,André Wilms,Yolande Moreau,The True Story of Puss'N Boots ,53,Jérôme Deschamps,cartoon cat|cat|character name in title|puss in boots|surrealism,24,France,G,2009,2.9,90
Inna Evlannikova,0,7,Evgeniy Mironov,Sergey Garmash,Space Dogs ,48,Aleksandr Bashirov,dog|flea|meteor|space|space dog,8,Russia,G,2010,5.2,200
Ridley Scott,0,1000,Brad Pitt,Michael Fassbender,The Counselor ,27797,Goran Visnjic,cunnilingus|drug trafficking|lawyer|no panties|shootout,431,USA,R,2013,5.3,24000
Jonathan English,9,520,Mackenzie Crook,Jason Flemyng,Ironclad ,3287,Derek Jacobi,castle|england|king|knight|templar,103,UK,R,2011,6.2,0
Sergey Bondarchuk,27,87,Dan O'Herlihy,Rod Steiger,Waterloo ,705,Jack Hawkins,battle|costume drama|final battle|napoleon|napoleon bonaparte,76,Italy,G,1970,7.3,690
Teddy Chan,3,55,Charlie Yeung,Siu-Wong Fan,Kung Fu Killer ,285,Wai-Keung Lau,fight|kung fu|martial arts|police|wire fu,26,China,,2014,6.5,0
Mario Van Peebles,535,399,Mario Van Peebles,Martin Kove,Red Sky ,2204,Jacob Vargas,exploding airplane|fighter pilot|hands tied|held at gunpoint|military,11,USA,PG-13,2014,4.1,437
Stephen Frears,350,418,Peter Capaldi,Keanu Reeves,Dangerous Liaisons ,35501,Swoosie Kurtz,catholic|corruption|emotional abuse|france|seduction,143,USA,R,1988,7.7,0
Walter Salles,179,4000,Viggo Mortensen,Kristen Stewart,On the Road ,33747,Kirsten Dunst,benzedrine|cactus|drugs|poem|year 1949,128,France,R,2012,6.1,27000
Leonard Nimoy,12000,643,Nichelle Nichols,Leonard Nimoy,Star Trek IV: The Voyage Home ,15449,Walter Koenig,alien probe|humpback whales|probe|time travel|whale,219,USA,PG,1986,7.3,0
Sylvester Stallone,13000,461,Burt Young,Sylvester Stallone,Rocky Balboa ,15111,Mike Tyson,boxing|fight|heavyweight champion|restaurant|retired boxer,962,USA,PG,2006,7.2,0
Ericson Core,19,848,Edgar Ramírez,Ray Winstone,Point Break ,3962,Delroy Lindo,athlete|extreme sports|fbi|fbi agent|heist,163,USA,PG-13,2015,5.3,37000
Wes Craven,0,221,Jada Pinkett Smith,Omar Epps,Scream 2 ,2321,Kevin Williamson,college|ghostface|killer|killing spree|murder,488,USA,R,1997,6.1,0
Gavin O'Connor,149,439,Noah Emmerich,Natalie Portman,Jane Got a Gun ,21414,Boyd Holbrook,brothel|death of husband|ex lover|haunted by the past|redemption,56,USA,R,2016,5.8,0
Tim Story,167,676,Regina Hall,Romany Malco,Think Like a Man Too ,4830,David Walton,african american|imperative in title|las vegas nevada|nevada|wedding,38,USA,PG-13,2014,5.7,3000
Jonathan Lynn,36,900,Matthew Perry,Bruce Willis,The Whole Nine Yards ,17582,Natasha Henstridge,adultery|black humor|dentist|hitman|sex in bed,318,USA,R,2000,6.7,0
Herbert Ross,71,304,Chris Penn,Dianne Wiest,Footloose ,1962,Lori Singer,church|cowboy boots|dancing|high school dance|teenager,113,USA,PG,1984,6.5,0
Todd Phillips,480,497,Leah Remini,Will Ferrell,Old School ,10325,Patrick Fischler,college|fraternity|friend|house|party,404,USA,R,2003,7.2,0
Terry Gilliam,0,161,David Hyde Pierce,Jeff Bridges,The Fisher King ,12947,Harry Shearer,friendship|holy grail|massacre|redemption|video store,170,USA,R,1991,7.6,12000
Danny Cannon,41,970,Mekhi Phifer,Muse Watson,I Still Know What You Did Last Summer ,49847,Bill Cobbs,bahamas|fisherman|hook|island|roommate,418,USA,R,1998,4.6,891
Bonnie Hunt,597,597,Jim Belushi,Minnie Driver,Return to Me ,3946,Bonnie Hunt,heart|italian restaurant|restaurant|transplant|waitress,275,USA,PG,2000,6.9,0
Kevin Smith,0,92,Jeff Anderson,Gerry Bednob,Zack and Miri Make a Porno ,638,Jennifer Schwalbach Smith,actor|friend|male frontal nudity|male full frontal nudity|penis,243,USA,R,2008,6.6,0
Neil LaBute,119,265,Pruitt Taylor Vince,Morgan Freeman,Nurse Betty ,12254,Kathleen Wilhoite,hospital|kansas city|obsession|salesman|soap opera,263,Germany,R,2000,6.3,455
Grant Heslov,293,939,Jeff Bridges,Kevin Spacey,The Men Who Stare at Goats ,32474,Stephen Root,first person narration|general|hampster|reference to loch ness monster|reporter,268,USA,R,2009,6.2,15000
George Gallo,269,384,Eddie Griffin,Daniel Roebuck,Double Take ,2557,Garcelle Beauvais,cia|cia agent|fbi|mexico|train,50,USA,PG-13,2001,5.3,204
James Mangold,446,898,Clea DuVall,Angelina Jolie Pitt,Girl, Interrupted ,13433,Vanessa Redgrave,1960s|father daughter incest|mental hospital|suicide|suicide attempt,385,USA,R,1999,7.3,0
Robert Luketic,126,886,Gary Cole,Topher Grace,Win a Date with Tad Hamilton! ,4681,Nathan Lane,best friend|contest|date|small town|west virginia,140,USA,PG-13,2004,5.6,876
Tim Hill,25,611,F. Murray Abraham,Josh Charles,Muppets from Space ,3243,David Arquette,alien|breakfast|escape|rat|ufo,100,USA,G,1999,6.2,619
Sidney Lumet,0,227,Diana Ross,Lena Horne,The Wiz ,1458,Theresa Merritt,melancholy|new york city|sadness|teacher|wizard,150,USA,G,1978,5.2,0
Brian Robbins,48,940,Ellen Albertini Dow,Oliver Platt,Ready to Rumble ,4971,Martin Landau,gay subtext|homoerotic fight|homoeroticism|homosexual subtext|wcw wrestling,101,USA,PG-13,2000,5.3,650
Ron Shelton,41,197,Robert Wagner,Willie Garson,Play It to the Bone ,1523,Lolita Davidovich,boxing movie|friendship|highway travel|male rear nudity|road movie,59,USA,R,1999,5.4,153
Douglas McGrath,41,847,Busy Philipps,Olivia Munn,I Don't Know How She Does It ,5470,Jessica Szohr,black comedy|delivery boy|dinner|gym|punishment,68,USA,PG-13,2011,4.9,0
Alexandre Aja,192,847,Kelly Brook,Adam Scott,Piranha 3D ,5737,Jessica Szohr,bloody water|boat|party|piranha|spring break,374,USA,R,2010,5.5,13000
Kevin Spacey,18000,286,Bob Hoskins,Kevin Spacey,Beyond the Sea ,23689,Brenda Blethyn,bobby darin|career|love|marriage|sandra dee,248,USA,PG-13,2004,6.7,0
Steve Boyum,9,254,M.C. Gainey,Paul Walker,Meet the Deedles ,24436,A.J. Langer,accidental kiss|eating a worm|park|worm|yellowstone national park,37,USA,PG,1998,3.9,839
Richard Williams,18,73,Kenneth Williams,Donald Pleasence,The Princess and the Cobbler ,1088,Clive Revill,cobbler|desert|gold|princess|thief,47,UK,G,1993,7.2,408
Mary McGuckian,6,382,F. Murray Abraham,Robert De Niro,The Bridge of San Luis Rey ,23769,Geraldine Chaplin,bridge|friar|inquisition|peru|rope bridge,50,UK,PG,2004,5.1,181
George Tillman Jr.,88,706,Tom Berenger,Dwayne Johnson,Faster ,14699,Mike Epps,gun|prison|reference to god|reference to jesus christ|vengeance,157,USA,R,2010,6.5,12000
Hayao Miyazaki,6000,422,Blythe Danner,Christian Bale,Howl's Moving Castle ,24263,Jean Simmons,anime|castle|demon|steampunk|witch,330,Japan,PG,2004,8.2,13000
Ruben Fleischer,181,11,Bill Murray,Emma Stone,Zombieland ,28011,Derek Graf,amusement park|on the road|zombie|zombie apocalypse|zombie spoof,553,USA,R,2009,7.7,26000
Peter Jackson,0,84,Thomas Kretschmann,Naomi Watts,King Kong ,7122,Evan Parke,animal name in title|ape abducts a woman|gorilla|island|king kong,2618,New Zealand,PG-13,2005,7.2,0
Frank Coraci,153,427,Clint Howard,Adam Sandler,The Waterboy ,13823,Peter Dante,coach|college|college football|domineering mother|football,300,USA,PG-13,1998,6.1,0
Irvin Kershner,883,441,Kenny Baker,Harrison Ford,Star Wars: Episode V - The Empire Strikes Back ,12643,Anthony Daniels,duel|famous twist|rebel|rescue|snowy landscape,900,USA,PG,1980,8.8,17000
Michael Bay,0,244,Tchéky Karyo,Will Smith,Bad Boys ,11013,Theresa Randle,drugs|heroin|murder|police|witness,203,USA,R,1995,6.8,0
David Zucker,119,144,Priscilla Presley,George Kennedy,The Naked Gun 2½: The Smell of Fear ,3847,O.J. Simpson,american president|evil industrialist|ex girlfriend|political leader|president,87,USA,PG-13,1991,6.8,0
James Wong,70,591,Brendan Fehr,Daniel Roebuck,Final Destination ,3345,Kerr Smith,dead teenager|death|explosion|premonition|teenager,674,USA,R,2000,6.7,0
George Clooney,0,1000,Philip Seymour Hoffman,Ryan Gosling,The Ides of March ,57077,Jennifer Ehle,governor|intern|manager|ohio|politics,288,USA,R,2011,7.1,22000
David Twohy,123,787,Radha Mitchell,Vin Diesel,Pitch Black ,16196,Cole Hauser,captain|darkness|eclipse|space|survival,805,USA,R,2000,7.1,5000
Tony Goldwyn,956,99,Ellen Barkin,Hugh Jackman,Someone Like You... ,20798,Catherine Dent,apartment|girl in panties|roommate|thong panties|upskirt,167,USA,PG-13,2001,6.1,0
Spike Jonze,0,105,Brian Johnson,Scarlett Johansson,Her ,19359,Matt Letscher,divorce|female frontal nudity|future|loneliness|operating system,748,USA,R,2013,8.0,148000
Dexter Fletcher,452,141,Taron Egerton,Hugh Jackman,Eddie the Eagle ,21195,Tim McInnerny,1988 winter olympics|coach|ski jumper|winter|winter olympics,119,UK,PG-13,2016,7.5,15000
John Dahl,131,62,Jessica Bowman,Paul Walker,Joy Ride ,23242,Dell Yount,embarrassing male nudity|embarrassing nudity|male nudity|truck|truck driver,339,USA,R,2001,6.6,0
Jonathan Newman,3,88,Keeley Hawes,Ioan Gruffudd,The Adventurer: The Curse of the Midas Box ,2450,Oliver Stark,based on novel|drowning|hanging from a flagpole|hanging from a rope|magic,32,UK,PG,2013,5.4,0
Wayne Wang,61,407,Eva Amurri Martino,Natalie Portman,Anywhere But Here ,22040,Shawn Hatosy,family relationships|female protagonist|nubile woman|policeman|teenager,103,USA,PG-13,1999,6.1,638
Andy Cadiff,3,120,Stark Sands,Annabella Sciorra,Chasing Liberty ,829,Terence Maynard,first daughter|photographer|prague|president|secret service agent,129,USA,PG-13,2004,6.1,0
Michael Dinner,12,249,Dan Hedaya,Seymour Cassel,The Crew ,1509,Lainie Kazan,beach|drug lord|drugs|hotel|stripper,47,USA,PG-13,2000,5.6,153
Steven Soderbergh,0,947,Michael Fassbender,Channing Tatum,Haywire ,31187,Michael Angarano,die hard scenario|one woman army|rescue|soldier|super soldier,397,Ireland,R,2011,5.8,0
Joseph Sargent,114,434,Mario Van Peebles,Judith Barsi,Jaws: The Revenge ,2355,Lynn Whitfield,banana boat|boat|christmas|sea|shark,383,USA,PG-13,1987,2.8,0
Jerry Zaks,4,11000,Robert De Niro,Leonardo DiCaprio,Marvin's Room ,63194,Meryl Streep,house|leukemia|mental institution|nursing home|transplant,71,USA,PG-13,1996,6.7,1000
Fred Durst,258,424,Dash Mihok,Tasha Smith,The Longshots ,2453,Garrett Morris,absent father|american football|based on true story|middle school,19,USA,PG,2008,5.1,376
Neil Jordan,277,57,Ian Hart,Stephen Rea,The End of the Affair ,672,James Bolam,breasts|jealousy|obsession|sex scene|spiritual,165,UK,R,1999,7.2,0
Simon Wincer,23,982,Tia Carrere,Vanessa Williams,Harley Davidson and the Marlboro Man ,3671,Don Johnson,bar|biker|cowboy|drugs|marlboro,81,USA,R,1991,6.0,0
Paul Haggis,549,883,Charlize Theron,James Franco,In the Valley of Elah ,24248,Barry Corbin,detective|iraq|military|murder investigation|police,224,USA,R,2007,7.2,0
Anne Fontaine,105,64,Benoît Poelvoorde,Alessandro Nivola,Coco Before Chanel ,735,Marie Gillain,baron|fashion|hat|nickname|orphanage,65,France,PG-13,2009,6.7,0
Jon Cassar,78,720,Landon Liboiron,Demi Moore,Forsaken ,4142,Michael Wincott,,49,Canada,R,2015,6.3,0
Stephen Frears,350,30,Iben Hjejle,Tom Burke,Chéri ,365,Gaye Brown,age difference|courtesan|mansion|marriage|prostitute,43,UK,R,2009,6.2,0
,,543,Sarah Carter,Cole Hauser,Rogue             ,3276,Derek Luke,cheating wife|extramarital affair|female lead|undercover|unfaithfulness,23,USA,,,6.8,532
Mira Nair,300,73,Roger Lloyd Pack,Romola Garai,Vanity Fair ,1618,Lillete Dubey,aristocrat|english|painter|painting|singer,148,USA,PG-13,2004,6.2,767
Teddy Chan,3,107,Simon Yam,Bingbing Fan,Bodyguards and Assassins ,1059,Nicholas Tse,giant|hong kong|hook and chain|knife fight|martial artist,33,China,,2009,6.9,765
Mikael Håfström,101,23,Kim Thomson,Drew Powell,1408 ,214,Alexandra Silber,book|debunking|evil|hotel|paranormal phenomena,580,USA,PG-13,2007,6.8,11000
Mel Brooks,0,542,Dick Van Patten,Joan Rivers,Spaceballs ,2936,Michael Winslow,parody|planet enclosed within shield|sci fi spoof|self referential|winnebago,273,USA,PG,1987,7.1,13000
Russell Crowe,0,234,Ryan Corr,Cem Yilmaz,The Water Diviner ,1795,Steve Bastoni,australian|battle|battle of gallipoli|gallipoli|world war one,185,Australia,R,2014,7.1,18000
Jerry Zucker,109,71,Tony Goldwyn,Demi Moore,Ghost ,3100,Phil Leeds,death|film blanc|invisibility|love|unrequited love,252,USA,PG-13,1990,7.0,0
Bobby Farrelly,101,743,Lin Shaye,Sarah Silverman,There's Something About Mary ,4664,Richard Tyson,accident|curtain call|dream girl|high school|prom,611,USA,R,1998,7.1,0
John Pasquin,11,595,Eric Lloyd,Judge Reinhold,The Santa Clause ,2790,Peter Boyle,1990s|christmas|christmas eve|sleigh|surrealism,111,USA,PG,1994,6.4,0
John Lee Hancock,102,1000,Jay Hernandez,Dennis Quaid,The Rookie ,6657,Angus T. Jones,baseball|coach|high school|pitching|texas,174,USA,G,2002,7.0,0
Andy Fickman,99,835,Kyra Sedgwick,Dwayne Johnson,The Game Plan ,15170,Madison Pettis,family relationships|football movie|publicist|sports team|tween girl,83,USA,PG,2007,6.2,0
Clint Eastwood,16000,86,Meryl Streep,Clint Eastwood,The Bridges of Madison County ,27237,Debra Monk,1960s|bridge|housewife|love|photographer,192,USA,PG-13,1995,7.5,0
Luke Greenfield,42,182,Michael Papajohn,Louis Lombardi,The Animal ,1203,Colleen Haskell,camera focus on a female butt|cartoon on tv|forest|hairy buttocks|seal the animal,132,USA,PG-13,2001,4.8,1000
Richard Attenborough,0,249,Amrish Puri,Candice Bergen,Gandhi ,1943,John Gielgud,british|india|indian|muslim|pakistan,256,UK,PG,1982,8.1,12000
Lasse Hallström,529,171,Charlotte Le Bon,Manish Dayal,The Hundred-Foot Journey ,1484,Juhi Chawla,chef|haute cuisine|indian cuisine|michelin guide|restaurant,185,USA,PG,2014,7.3,55000
Irwin Winkler,34,287,Jeremy Northam,Ken Howard,The Net ,1725,Ray McKinnon,chat room|computer|computer hacker|identity|identity theft,166,USA,PG-13,1995,5.8,0
Jessie Nelson,24,506,Loretta Devine,Dianne Wiest,I Am Sam ,3152,Richard Schiff,child custody|custody battle|disability|mentally impaired man|single father,431,USA,PG-13,2001,7.6,15000
Christopher Spencer,25,55,Amber Rose Revah,Roma Downey,Son of God ,775,Darwin Shaw,bare chested male bondage|crucifixion|loincloth|reference to god|resurrection,174,USA,PG-13,2014,5.6,15000
Len Wiseman,235,105,Kevin Grevioux,Sophia Myles,Underworld ,1777,Shane Brolly,blood|death|hybrid|vampire|werewolf,806,UK,R,2003,7.0,0
Mikael Håfström,101,218,RZA,Denis O'Hare,Derailed ,2019,Xzibit,drink|hotel|police|staged rape|thief,375,USA,R,2005,6.6,0
Steven Soderbergh,0,690,Joel McHale,Matt Damon,The Informant! ,16031,Thomas F. Wilson,compulsive liar|fbi|informant|investigation|spy,175,USA,R,2009,6.5,0
Richard Attenborough,0,266,James Frain,Anthony Hopkins,Shadowlands ,13619,Julian Fellowes,author|book|england|friend|oxford,87,UK,PG,1993,7.4,2000
Mike Bigelow,2,137,Eddie Griffin,Carlos Ponce,Deuce Bigalow: European Gigolo ,1729,Charles Keating,dolphin|gigolo|pimp|serial killer|villain arrested,166,USA,R,2005,4.6,887
Ken Scott,31,110,Bobby Moynihan,Jack Reynor,Delivery Man ,1006,Matthew Daddario,children|identity|lawsuit|lawyer|sperm donor,95,USA,PG-13,2013,6.4,0
Paul McGuigan,118,287,Spencer Wilding,Daniel Radcliffe,Victor Frankenstein ,12876,Daniel Mays,assistant|experiment|frankenstein|medical student|scientist,91,USA,PG-13,2015,6.0,11000
Susanna White,24,100,Pawel Szajda,Radivoje Bukvic,Our Kind of Traitor ,540,Grigoriy Dobrygin,based on novel|male frontal nudity|male nudity|male rear nudity,21,UK,R,2016,6.4,0
Dennis Dugan,221,110,Neil Diamond,Amanda Detmer,Saving Silverman ,664,Kyle Gass,female nudity|friend|kidnapping|love|nun,201,USA,PG-13,2001,5.9,739
David Bowers,42,517,Rachael Harris,Zachary Gordon,Diary of a Wimpy Kid: Dog Days ,3153,Karan Brar,best friend|camping|country club|no opening credits|summer vacation,35,USA,PG,2012,6.4,0
Spike Lee,0,854,Jennifer Esposito,Mira Sorvino,Summer of Sam ,5386,Mike Starr,distrust|fear|murder|neighborhood|new york city,354,USA,R,1999,6.6,0
Kevin Smith,0,898,Shannon Elizabeth,Will Ferrell,Jay and Silent Bob Strike Back ,11632,Jason Mewes,internet|jay and silent bob|new jersey|orangutan|police,867,USA,R,2001,6.9,0
Michael Bay,0,3000,Steve Buscemi,Scarlett Johansson,The Island ,34838,Djimon Hounsou,clone|environment|escape|island|lottery,899,USA,PG-13,2005,6.9,0
Daniel Sackheim,12,595,Bruce Dern,Chris Noth,The Glass House ,4239,Trevor Morgan,car|car accident|death|friend|glass,200,USA,PG-13,2001,5.8,804
Ethan Coen,1000,1000,Channing Tatum,Scarlett Johansson,Hail, Caesar! ,38494,Alden Ehrenreich,50s|film within a film|hollywood|illegitimate pregnancy|twins,302,UK,PG-13,2016,6.4,23000
Harry Elfont,4,83,Paulo Costanzo,Rosario Dawson,Josie and the Pussycats ,3769,Aries Spears,based on tv series|fictional band|girl band|music industry|pop band,242,Canada,PG-13,2001,5.3,0
Gary Fleder,39,798,James Franco,Jason Statham,Homefront ,39989,Frank Grillo,biker|biker gang|dea|dea agent|fight,154,USA,R,2013,6.5,15000
Uli Edel,34,368,Jim Carter,Richard E. Grant,The Little Vampire ,2216,Alice Krige,boy|pushed off a cliff|rat|secret passage|vampire,38,Germany,PG,2000,5.7,0
David O. Russell,737,678,Lily Tomlin,Naomi Watts,I Heart Huckabees ,8094,Isabelle Huppert,coincidence|cult film|overalls|suburb|vomiting,381,USA,R,2004,6.7,0
Fred Dekker,87,691,Rip Torn,CCH Pounder,RoboCop 3 ,3148,Mako,android|corporation|ninja|police|robocop,180,USA,PG-13,1993,3.9,716
Brian Trenchard-Smith,53,576,Udo Kier,Michael Biehn,Megiddo: The Omega Code 2 ,4221,Franco Nero,armageddon|battle|end times|reference to satan|sequel,111,USA,PG-13,2001,4.1,158
Blake Edwards,688,42,Vernon Dobtcheff,Rock Hudson,Darling Lili ,788,Jeremy Kemp,crepe suzette|french|mata hari spoof|song|spy,50,USA,G,1970,6.2,104
Hugh Wilson,37,795,Alex Rocco,Brendan Fraser,Dudley Do-Right ,5568,Eric Idle,gold|gold rush|mirror|police officer|singer,77,USA,PG,1999,3.8,272
Camille Delamarre,11,150,Noémie Lenoir,Ed Skrein,The Transporter Refueled ,1411,Radivoje Bukvic,airfield|car|car stunt|driver|private jet,121,France,PG-13,2015,5.1,0
Laurence Dunmore,2,567,Jack Davenport,Johnny Depp,The Libertine ,42484,Richard Coyle,ambassador|charles ii|earl|mistress|poet,260,UK,R,2004,6.4,0
Paul Verhoeven,719,104,Sebastian Koch,Michiel Huisman,Black Book ,2590,Christian Berkel,boat|escape|hiding|nazi|resistance,232,Netherlands,R,2006,7.8,0
Christian Carion,13,140,Dany Boon,Gary Lewis,Joyeux Noel ,773,Ian Richardson,christmas|no man's land|soldier|trench|world war one,147,France,PG-13,2005,7.8,11000
David Palmer,21,552,Tom Arnold,Bradley Cooper,Hit and Run ,15922,Beau Bridges,gay cop|getaway driver|masturbation|penis|witness protection,104,USA,R,2012,6.1,0
Callie Khouri,144,290,Ted Danson,Stephen Root,Mad Money ,2453,Roger Cross,bank|federal reserve bank|money|security guard|shredder,54,USA,PG-13,2008,5.8,687
Rowan Joffe,17,231,Ben Crompton,Colin Firth,Before I Go to Sleep ,14617,Anne-Marie Duff,amnesia|female nudity|infidelity|nudity|therapist,105,UK,R,2014,6.3,11000
William Friedkin,607,35,Joe Spinell,Roy Scheider,Sorcerer ,1011,Amidou,fire|jungle|money|oil drilling|truck,116,USA,PG,1977,7.7,0
John Curran,43,827,Milla Jovovich,Robert De Niro,Stone ,37766,Frances Conroy,arsonist|blood splatter on face|deception|parole|parole officer,135,USA,R,2010,5.4,0
Laurent Tirard,2,80,Ludivine Sagnier,Romain Duris,Molière ,1651,Fabrice Luchini,deathbed|play|playwright|prison|theater,27,France,PG-13,2007,7.3,815
Scott Cooper,108,120,Sam Shepard,Christian Bale,Out of the Furnace ,24134,Dendrie Taylor,ambiguous ending|brother brother relationship|drug dealer|fight club|revenge,231,USA,R,2013,6.8,17000
Tony Gilroy,209,521,Denis O'Hare,Tom Wilkinson,Michael Clayton ,3284,Sydney Pollack,attorney|debt|fixer|law|law firm,363,USA,R,2007,7.3,0
Peter Segal,88,812,Bradley Whitford,Wilford Brimley,My Fellow Americans ,4629,Sela Ward,gay pride|highway travel|president|road movie|u.s. president,71,USA,PG-13,1996,6.5,758
Mark Pellington,89,442,Spencer Treat Clark,Jeff Bridges,Arlington Road ,13576,Hope Davis,death|fbi|fbi agent|neighbor|professor,591,USA,R,1999,7.2,0
Juan José Campanella,195,0,Diego Ramos,Pablo Rago,Underdogs ,30,Gabriel Almirón,funfair|luna park|table football|toy comes to life|wig,22,Spain,PG,2013,6.7,0
Woody Allen,11000,159,Judy Davis,Ornella Muti,To Rome with Love ,1205,Alessandra Mastronardi,architect|celebrity|prostitute|shower|tourist,163,USA,R,2012,6.3,18000
Clint Eastwood,16000,216,Warren Clarke,Clint Eastwood,Firefox ,16805,Kenneth Colley,fighter plane|jet fighter|refueling|russia|soviet union,98,USA,PG,1982,5.9,0
Trey Parker,406,406,Eric Idle,Minnie Driver,South Park: Bigger Longer & Uncut ,3003,Trey Parker,boy|canada|hell|misunderstanding|refrence to liza minnelli,928,USA,R,1999,7.8,0
Frank Oz,0,548,Ewen Bremner,Peter Dinklage,Death at a Funeral ,24324,Kris Marshall,end credits roll call|four word title|funeral|secret|uncle,199,USA,R,2007,7.4,0
Stuart Gillard,8,199,John Aylward,Paige Turco,Teenage Mutant Ninja Turtles III ,1254,Matt Hill,battle|japan|magic|samurai|turtle,87,USA,PG,1993,4.8,1000
Brian Robbins,48,39,D.B. Sweeney,Keanu Reeves,Hardball ,18630,DeWayne Warren,coach|gambling|housing project|little league|little league baseball,131,USA,PG-13,2001,6.3,0
David O. Russell,737,14000,Robert De Niro,Jennifer Lawrence,Silver Linings Playbook ,72115,Bradley Cooper,adulterous wife|bipolar disorder|obsessive compulsive personality disorder|unhappy marriage|widow,692,USA,R,2012,7.8,117000
Richard LaGravenese,98,579,Scott Glenn,Hunter Parrish,Freedom Writers ,3994,Imelda Staunton,gang violence|high school|journal|marriage|teacher,235,Germany,PG-13,2007,7.5,10000
Tyler Perry,0,637,Loretta Devine,Omari Hardwick,For Colored Girls ,6035,Kimberly Elise,african american protagonist|female protagonist|multi protagonist|poem|three word title,73,USA,R,2010,6.0,0
Louis Leterrier,255,447,Qi Shu,Jason Statham,The Transporter ,27572,Matt Schulze,bar|gunfight|human trafficking|mixed martial arts|tire iron,460,France,PG-13,2002,6.8,0
Jeff Wadlow,65,149,Neil Brown Jr.,Djimon Hounsou,Never Back Down ,4089,Leslie Hope,club|fight|fighting|high school|mixed martial arts,184,USA,PG-13,2008,6.6,0
Katt Shea,52,484,Rachel Blanchard,Jason London,The Rage: Carrie 2 ,3162,Eddie Kaye Thomas,high school|party|prom|suicide|teenage girl,253,USA,R,1999,4.6,897
,,,,Chris Harrison,The Bachelor             ,98,,bachelor|seeking love|single guy|tv host|women rivals for man,33,USA,,,2.9,141
Sam Mendes,0,374,Jim Gaffigan,Catherine O'Hara,Away We Go ,1997,Carmen Ejogo,baby|children|friend|love|road trip,115,USA,R,2009,7.1,7000
Joshua Michael Stern,0,886,Judge Reinhold,Madeline Carroll,Swing Vote ,6212,Nathan Lane,ballot|election|new mexico|vote|voting,79,USA,PG-13,2008,6.1,1000
Brad Silberling,52,347,Holly Hunter,Jake Gyllenhaal,Moonlight Mile ,16692,Bob Clendenin,1970s|death|district attorney|fiancee|watching television,147,USA,PG-13,2002,6.7,365
Tomas Alfredson,140,10000,Colin Firth,Benedict Cumberbatch,Tinker Tailor Soldier Spy ,46241,Gary Oldman,cold war|hungary|mole|spy|woman on top,517,France,R,2011,7.1,24000
John Duigan,18,186,Jill Hennessy,Elaine Hendrix,Molly ,1562,Sarah Wynter,autism|experimental surgery|female nudity|forename as title|regression,40,USA,PG-13,1999,5.8,284
Jodie Foster,0,220,Cherry Jones,Jennifer Lawrence,The Beaver ,34705,Riley Thomas Stewart,beaver puppet|depression|dysfunctional family|puppet|speech,148,USA,PG-13,2011,6.7,17000
Colin Higgins,19,842,Barry Corbin,Dolly Parton,The Best Little Whorehouse in Texas ,3688,Dom DeLuise,chicken|governor|locker room|sheriff|texas,48,USA,R,1982,5.8,0
David Cronenberg,0,716,Sarah Polley,Jennifer Jason Leigh,eXistenZ ,2990,Callum Rennie,assassin|game|game designer|pod|virtual reality,527,Canada,R,1999,6.8,6000
Steven Spielberg,14000,488,Karen Allen,Harrison Ford,Raiders of the Lost Ark ,12906,William Hootkins,archeological dig|archeologist|ark of the covenant|egypt|nazi,771,USA,PG,1981,8.5,16000
Chris Columbus,0,1000,Kieran Culkin,Macaulay Culkin,Home Alone 2: Lost in New York ,7860,Devin Ratray,airport|christmas|florida|new york city|toy store,189,USA,PG,1992,6.6,0
Steven Spielberg,14000,252,Teri Garr,Bob Balaban,Close Encounters of the Third Kind ,1591,Melinda Dillon,alien|close encounter of the third kind|mothership|ufo|vision,339,USA,PG,1977,7.7,0
Jim Sonzero,2,807,Christina Milian,Ian Somerhalder,Pulse ,19952,Rick Gonzalez,cell phone|computer|computer hacker|e mail|technology,258,USA,PG-13,2006,4.7,0
Tony Scott,12000,605,Judge Reinhold,Dean Stockwell,Beverly Hills Cop II ,4121,Ronny Cox,detective|police|police chief|robbery|tall woman,95,USA,R,1987,6.4,0
Adam Shankman,163,338,Kimberly J. Brown,Angus T. Jones,Bringing Down the House ,2505,Steve Harris,divorce|lawyer|spanking|villain arrested|wrongful conviction,236,USA,PG-13,2003,5.5,800
Jonathan Demme,438,173,Scott Glenn,Anthony Hopkins,The Silence of the Lambs ,13184,Anthony Heald,case file|fbi agent|psycho thriller|psychopath|serial killer,916,USA,R,1991,8.6,40000
Penelope Spheeris,122,617,Lara Flynn Boyle,Tia Carrere,Wayne's World ,4263,Kurt Fuller,basement|lead actor's first film|long hair|public access|title directed by female,176,USA,PG-13,1992,7.0,0
Jeff Tremaine,79,218,Steve-O,Bam Margera,Jackass 3D ,1787,Chris Pontius,full frontal male nudity|man wearing a jock strap|man wearing a thong|rear male nudity|stripped prison uniform,81,USA,R,2010,7.1,0
Jeannot Szwarc,82,85,Murray Hamilton,Roy Scheider,Jaws 2 ,1520,Joseph Mascolo,great white shark|island|mayor|police chief|shark,265,USA,PG,1978,5.7,0
Raja Gosnell,67,597,Nick Zano,Jamie Lee Curtis,Beverly Hills Chihuahua ,4729,Ali Hillis,chihuahua|german shepherd|mexico|potted plant|tijuana mexico,99,USA,PG,2008,3.7,0
James Wan,0,697,Lili Taylor,Mackenzie Foy,The Conjuring ,9049,Hayley McFarland,based on true story|farmhouse|paranormal investigator|rhode island|supernatural power,807,USA,R,2013,7.5,131000
Brian Levant,32,563,Tracy Morgan,Nia Long,Are We There Yet? ,3558,Jay Mohr,car fire|children|cockroach|independent film|new year,149,USA,PG,2005,4.6,773
Ben Falcone,265,265,Mark Duplass,Gary Cole,Tammy ,2654,Ben Falcone,alcoholic|grandmother|highway travel|niagara falls|on the road,144,USA,R,2014,4.9,11000
D.J. Caruso,154,501,Aaron Yoo,Sarah Roemer,Disturbia ,2287,Jose Pablo Cantillo,binoculars|electronic tag|house arrest|neighbor|watching someone,491,USA,PG-13,2007,6.9,0
Richard Linklater,0,487,Sarah Silverman,Miranda Cosgrove,School of Rock ,4403,Mike White,battle of the bands|rock band|school teacher|substitute teacher|teacher,479,USA,PG-13,2003,7.1,0
Paul W.S. Anderson,545,545,Cary-Hiroyuki Tagawa,Christopher Lambert,Mortal Kombat ,3816,Bridgette Wilson-Sampras,based on video game|island|mortal kombat|tournament|warrior,283,USA,PG-13,1995,5.8,0
Paul McGuigan,118,40,Christopher Cousins,Jessica Paré,Wicker Park ,679,Mark Camacho,flashback|flashback within a flashback|multiple perspectives|obsession|split screen,298,USA,PG-13,2004,7.0,0
Keenen Ivory Wayans,322,861,Jaime King,Busy Philipps,White Chicks ,6313,Brittany Daniel,african american|crossdresser|fbi|undercover|vomiting,251,USA,PG-13,2004,5.4,0
Alexander Payne,729,552,Nick Krause,Shailene Woodley,The Descendants ,9578,Beau Bridges,boating accident|daughters|father daughter relationship|hospital|marriage,439,USA,R,2011,7.3,22000
Andrew Davis,99,165,Zane Holtz,Tim Blake Nelson,Holes ,1293,Ski Carr,bad luck|camp|curse|digging|hole,331,USA,PG,2003,7.1,0
Julie Anne Robinson,30,318,Bobby Coleman,Kelly Preston,The Last Song ,2341,Melissa Ordway,beach|fire|love|pianist|summer,185,USA,PG,2010,5.8,10000
Steve McQueen,0,500,Scoot McNairy,Quvenzhané Wallis,12 Years a Slave ,4251,Taran Killam,racism|separation from family|social injustice|torture|whipping,695,USA,R,2013,8.1,83000
Charles Stone III,30,284,Nick Cannon,Leonard Roberts,Drumline ,2390,Jason Weaver,drumline|drummer|fish out of water|marching band|university,185,USA,PG-13,2002,5.7,2000
Tyler Perry,0,721,Cicely Tyson,Michael Jai White,Why Did I Get Married Too? ,6657,Tasha Smith,question mark in title|returning character killed off|sequel|six word title|writer director,68,USA,PG-13,2010,4.4,0
Tim Burton,13000,658,Dianne Wiest,Johnny Depp,Edward Scissorhands ,42330,Conchata Ferrell,creation|inventor|magical realism|scissors|suburb,588,USA,PG-13,1990,7.9,16000
Thea Sharrock,17,418,Emilia Clarke,Sam Claflin,Me Before You ,21852,Brendan Coyle,accident|caretaker|economic hardship|quadriplegic|wheelchair,130,UK,PG-13,2016,7.6,51000
Tyler Perry,0,582,Tom Arnold,John Amos,Madea's Witness Protection ,2753,Romeo Miller,critically bashed|culture shock|interracial relationship|madea series|ponzi scheme,50,USA,PG-13,2012,4.8,0
William Friedkin,607,109,Fernando Rey,Roy Scheider,The French Connection ,1196,Tony Lo Bianco,crime boss|drug smuggling|heroin|mafia boss|organized crime,280,USA,R,1971,7.8,0
Jon Lucas,24,851,Jay Hernandez,Mila Kunis,Bad Moms ,18786,Jada Pinkett Smith,lesbian kiss|mom|pta|reference to mad max|scene during end credits,46,USA,R,2016,6.7,18000
Aaron Seltzer,64,729,Carmen Electra,Alyson Hannigan,Date Movie ,6539,Fred Willard,female protagonist|greek|overweight|spoof|wedding planner,613,USA,PG-13,2006,2.7,806
Robin Budd,2,434,Rob Paulsen,Roger Rees,Return to Never Land ,3402,Spencer Breslin,1940s|gang that lives together|outlaw gang|rescue|sequel,79,USA,G,2002,5.8,302
Ava DuVernay,151,852,Tom Wilkinson,David Oyelowo,Selma ,3869,Oprah Winfrey,civil rights|courage|protest|selma alabama|u.s. politics,212,UK,PG-13,2014,7.5,22000
Steve Trenbirth,0,384,Phil Collins,Haley Joel Osment,The Jungle Book 2 ,4480,Tony Jay,dog|jungle|shot gun|tiger|village,58,USA,G,2003,5.4,227
Stephen Kay,19,349,Skye McCole Bartusiak,Barry Watson,Boogeyman ,1383,Charles Mesure,boogeyman|childhood|fear|hometown|uncle,389,USA,PG-13,2005,4.1,1000
Mennan Yapo,9,107,Amber Valletta,Nia Long,Premonition ,1825,Marc Macaulay,car|car accident|housewife|sheriff|suburb,337,USA,PG-13,2007,5.9,0
Jun Falkenstein,25,16,John Fiedler,Kath Soucie,The Tigger Movie ,575,Ken Sansom,cartoon tiger|coming of age|tiger|tigger|title directed by female,53,USA,G,2000,6.3,347
Jaume Collet-Serra,174,602,CCH Pounder,Jimmy Bennett,Orphan ,88953,Aryana Engineer,alcoholism|girl|little girl|orphan|troubled marriage,383,USA,R,2009,7.0,20000
Boaz Yakin,132,455,Joseph Julian Soria,Jay Hernandez,Max ,2851,Edgar Arreola,afghanistan|death of marine|dog|dog adoption|man dog relationship,87,USA,PG,2015,6.8,33000
,,295,David Mann,Lamman Rucker,Meet the Browns             ,1530,Denise Boutte,african american|character name in title|family relationships|sitcom,20,USA,,,3.5,211
Jason Friedberg,82,729,Carmen Electra,David Carradine,Epic Movie ,4293,Fred Willard,chocolate|chocolate factory|factory|orphan|student,666,USA,PG-13,2007,2.3,0
John Milius,468,183,Mako,William Smith,Conan the Barbarian ,2024,Sandahl Bergman,actual animal killed|cult|evil sorcerer|gladiator|warlord,337,USA,R,1982,6.9,0
Tom McCarthy,310,77,Jamey Sheridan,Billy Crudup,Spotlight ,1058,Brian d'Arcy James,cover up|investigation|journalist|newspaper|sexual abuse,409,USA,R,2015,8.1,80000
Neil LaBute,119,332,Justin Chambers,Jay Hernandez,Lakeview Terrace ,2382,Robert Pine,interracial couple|lapd|male nudity|neighbor|nudity,135,USA,PG-13,2008,6.1,0
Takashi Shimizu,70,464,Sarah Roemer,Sarah Michelle Gellar,The Grudge 2 ,5746,Matthew Knight,curse|ghost|haunted house|high school|schoolgirl,284,USA,PG-13,2006,5.0,930
Kevin Rodney Sullivan,8,232,James Pickens Jr.,Richard Lawson,How Stella Got Her Groove Back ,1660,Barry Shabaka Henley,female protagonist|jamaica|six word title|tragic event|vacation,51,USA,R,1998,5.5,0
Peter Hewitt,12,636,George Carlin,Keanu Reeves,Bill & Ted's Bogus Journey ,20188,Alex Winter,battle of the bands|bill and ted|heaven|hell|robot,117,USA,PG,1991,6.2,0
Barry Levinson,272,1000,Tina Fey,Robin Williams,Man of the Year ,52571,Amy Poehler,campaign|election|president|presidential election|satire,236,USA,PG-13,2006,6.2,0
Gary Nelson,20,160,Maximilian Schell,Robert Forster,The Black Hole ,2110,Yvette Mimieux,black hole|escape|palomino|robot|scientist,230,USA,PG,1979,5.9,4000
Anton Corbijn,210,101,Thekla Reuten,Violante Placido,The American ,1454,Filippo Timi,ambush|assassin|priest|prostitute|sweden,463,USA,R,2010,6.3,10000
Gregory Nava,16,399,Constance Marie,Jon Seda,Selena ,1735,Jacob Vargas,latin music|marriage|on tour|singer|tejano,155,USA,PG,1997,6.7,0
Jason Friedberg,82,354,Dave Foley,Diedrich Bader,Vampires Suck ,2898,Anneliese van der Pol,cat|friend|love|sheriff|teenager,187,USA,PG-13,2010,3.5,16000
Alejandro G. Iñárritu,0,51,Harriet Walter,Brad Pitt,Babel ,11248,Dermot Crowley,american|destiny|mexican border|multiple perspectives|muslim,908,France,R,2006,7.5,0
Shawn Levy,189,949,Abigail Spencer,Tina Fey,This Is Where I Leave You ,4662,Jane Fonda,brother sister relationship|childhood home|man child|sibling|vomiting,145,USA,R,2014,6.6,14000
John Patrick Shanley,53,652,Meryl Streep,Philip Seymour Hoffman,Doubt ,33903,Carrie Preston,boy|catholic|nun|priest|student,321,USA,PG-13,2008,7.5,0
Trey Parker,406,406,Maurice LaMarche,Jeremy Shada,Team America: World Police ,2609,Trey Parker,actor|arab stereotype|broadway|terrorist|vomiting,700,USA,R,2004,7.2,0
John Luessenhop,34,322,Keram Malicki-Sánchez,Gunnar Hansen,Texas Chainsaw 3D ,1945,Shaun Sipos,chainsaw|halloween|mansion|massacre|texas,255,USA,R,2013,4.8,16000
Jon Amiel,36,631,Holly Hunter,William McNamara,Copycat ,12338,Harry Connick Jr.,agoraphobia|copycat murder|detective|psychologist|serial killer,140,USA,R,1995,6.6,0
Malcolm D. Lee,92,636,Snoop Dogg,Marisa Saks,Scary Movie 5 ,34319,Molly Shannon,2010s|ape|ballet|psychic|supernatural,177,USA,PG-13,2013,3.5,13000
Joshua Logan,32,417,Lee Marvin,Clint Eastwood,Paint Your Wagon ,17775,Ray Walston,california|farmer|gold|mining|prospector,106,USA,PG-13,1969,6.7,0
Gus Van Sant,835,755,Denis O'Hare,James Franco,Milk ,13189,Lucas Grabeel,california|gay|gay activist|gay pickup|gay rights,281,USA,R,2008,7.6,10000
Kevin Reynolds,58,47,Jan Cornet,Peter Firth,Risen ,389,María Botto,biblical|crucifixion|judea|resurrection|roman soldier,117,USA,PG-13,2016,6.3,21000
Steve Beck,17,78,Ron Eldard,Isaiah Washington,Ghost Ship ,1083,Francesca Rettondini,decapitation|ghost ship|passenger|severed head|torso cut in half,474,USA,R,2002,5.5,0
Todd Strauss-Schulson,12,587,Thomas Lennon,Patton Oswalt,A Very Harold & Kumar 3D Christmas ,2462,Paula Garcés,christmas|christmas tree|fire|new york city|stoner,93,USA,R,2011,6.3,21000
John McNaughton,39,254,Robert Wagner,Bill Murray,Wild Things ,14275,Jeff Perry,erotic thriller|forbidden sex|lesbian sex|sex with a student|taboo sex,389,USA,R,1998,6.5,0
Nelson McCormick,29,429,Paige Turco,Sela Ward,The Stepfather ,3292,Skyler Samuels,head dunked in water|military school|plastic bag|playing a video game|suffocating,119,USA,PG-13,2009,5.6,0
John Madden,108,22,Jesper Christensen,Tom Wilkinson,The Debt ,1136,Romi Aboulafia,east berlin|kiev ukraine|mossad|nazi|nazi war criminal,165,USA,R,2010,6.9,0
Stephen Frears,350,619,Lili Taylor,Drake Bell,High Fidelity ,3141,Lisa Bonet,employer employee relationship|record store|store|thirty something|vinyl,602,UK,R,2000,7.6,10000
Eric Valette,2,270,Jason Beghe,Johnny Lewis,One Missed Call ,1834,Margaret Cho,death|lifting someone into the air|telephone|telephone call|voice mail,189,Japan,PG-13,2008,3.9,0
John Schlesinger,154,497,Beverly D'Angelo,Joe Mantegna,Eye for an Eye ,3174,Philip Baker Hall,justice|rape|self defense|support group|vigilante,77,USA,R,1996,6.1,613
Roger Donaldson,79,287,Saffron Burrows,Jason Statham,The Bank Job ,27755,Daniel Mays,chase|heist|london england|mobster|safe deposit,189,UK,R,2008,7.3,0
Michel Gondry,1000,1000,Kirsten Dunst,Kate Winslet,Eternal Sunshine of the Spotless Mind ,19364,Tom Wilkinson,borderline personality disorder|loneliness|memory|playing against type|retrograde narrative,1514,USA,R,2004,8.3,52000
Andy Fickman,99,518,James Wolk,Jamie Lee Curtis,You Again ,4813,Christine Lakin,dancing|dog|flight|hostility|travel,136,USA,PG,2010,5.8,0
